1,145.175,145.175,0.0,OFF,FM,AMS,AUS APRS,OFF,91.5 Hz,023,1500 Hz,RX 00,TX 00,MID,NO,5.0KHz,OFF,OFF,,0
2,147.02500,147.62500,0.6,+RPT,FM,AMS,Paddo  2,TONE,91.5 Hz,023,1500 Hz,RX 00,TX 00,MID,YES,5.0KHz,OFF,OFF,,0
3,147.15000,147.75000,0.6,+RPT,FM,AMS,Chats1 2,TONE,91.5 Hz,023,1500 Hz,RX 00,TX 00,MID,NO,5.0KHz,OFF,OFF,,0
4,146.87500,146.27500,0.6,-RPT,FM,AMS,THills 2,OFF,88.5 Hz,023,1500 Hz,RX 00,TX 00,MID,YES,5.0KHz,OFF,OFF,,0
5,147.25000,147.85000,0.6,+RPT,FM,AMS,Asqith 2,OFF,88.5 Hz,023,1500 Hz,RX 00,TX 00,MID,YES,5.0KHz,OFF,OFF,,0
6,147.00000,146.40000,0.6,-RPT,FM,AMS,Dural  2,OFF,88.5 Hz,023,1500 Hz,RX 00,TX 00,MID,YES,5.0KHz,OFF,OFF,,0
7,146.80000,146.20000,0.6,-RPT,FM,AMS,HCote  2,OFF,88.5 Hz,023,1500 Hz,RX 00,TX 00,MID,YES,5.0KHz,OFF,OFF,,0
8,146.85000,146.25000,0.6,-RPT,FM,AMS,Maddns 2,OFF,88.5 Hz,023,1500 Hz,RX 00,TX 00,MID,NO,5.0KHz,OFF,OFF,,0
9,146.72500,146.12500,0.6,-RPT,FM,AMS,Someb  2,TONE,91.5 Hz,023,1500 Hz,RX 00,TX 00,MID,NO,5.0KHz,OFF,OFF,,0
10,147.12500,147.72500,0.6,+RPT,FM,AMS,Someb1 2,TONE,91.5 Hz,023,1500 Hz,RX 00,TX 00,MID,NO,5.0KHz,OFF,OFF,,0
11,147.07500,147.67500,0.6,+RPT,FM,AMS,VK2RCZ 2,TONE,91.5 Hz,023,1500 Hz,RX 00,TX 00,MID,NO,5.0KHz,OFF,OFF,,0
12,147.12500,147.72500,0.6,+RPT,FM,AMS,Scadns 2,OFF,88.5 Hz,023,1500 Hz,RX 00,TX 00,MID,NO,5.0KHz,OFF,OFF,,0
13,147.15000,147.75000,0.6,+RPT,FM,AMS,KurraJ 2,OFF,88.5 Hz,023,1500 Hz,RX 00,TX 00,MID,NO,5.0KHz,OFF,OFF,,0
14,147.32500,147.92500,0.6,+RPT,FM,AMS,Lawsn2 2,OFF,88.5 Hz,023,1500 Hz,RX 00,TX 00,MID,NO,5.0KHz,OFF,OFF,,0
15,147.05000,147.65000,0.6,+RPT,FM,AMS,Lawsn1 2,TONE,123.0 Hz,023,1500 Hz,RX 00,TX 00,MID,NO,5.0KHz,OFF,OFF,,0
16,146.67500,146.07500,0.6,-RPT,FM,AMS,Nites1 2,OFF,88.5 Hz,023,1500 Hz,RX 00,TX 00,MID,NO,5.0KHz,OFF,OFF,,0
17,146.97500,146.37500,0.6,-RPT,FM,AMS,Nites2 2,OFF,88.5 Hz,023,1500 Hz,RX 00,TX 00,MID,NO,5.0KHz,OFF,OFF,,0
18,146.82500,146.22500,0.6,-RPT,FM,AMS,HRange 2,OFF,88.5 Hz,023,1500 Hz,RX 00,TX 00,MID,NO,5.0KHz,OFF,OFF,,0
19,146.77500,146.17500,0.6,-RPT,FM,AMS,SugarL 2,TONE,91.5 Hz,023,1500 Hz,RX 00,TX 00,MID,NO,5.0KHz,OFF,OFF,,0
20,146.65000,146.05000,0.6,-RPT,FM,AMS,Bindo  2,TONE,91.5 Hz,023,1500 Hz,RX 00,TX 00,MID,NO,5.0KHz,OFF,OFF,,0
21,147.15000,147.75000,0.6,+RPT,FM,AMS,Cnock  2,OFF,88.5 Hz,023,1500 Hz,RX 00,TX 00,MID,NO,5.0KHz,OFF,OFF,,0
22,146.90000,146.30000,0.6,-RPT,FM,AMS,SgarL  2,OFF,88.5 Hz,023,1500 Hz,RX 00,TX 00,MID,NO,5.0KHz,OFF,OFF,,0
23,146.97500,146.37500,0.6,-RPT,FM,AMS,SgarL1 2,OFF,88.5 Hz,023,1500 Hz,RX 00,TX 00,MID,NO,5.0KHz,OFF,OFF,,0
24,146.70000,146.10000,0.6,-RPT,FM,AMS,NowraH 2,TONE,123.0 Hz,023,1500 Hz,RX 00,TX 00,MID,NO,5.0KHz,OFF,OFF,,0
25,146.90000,146.30000,0.6,-RPT,FM,AMS,Kelso  2,OFF,88.5 Hz,023,1500 Hz,RX 00,TX 00,MID,NO,5.0KHz,OFF,OFF,,0
26,146.62500,146.02500,0.6,-RPT,FM,AMS,MtGray 2,OFF,88.5 Hz,023,1500 Hz,RX 00,TX 00,MID,NO,5.0KHz,OFF,OFF,,0
27,146.87500,146.27500,0.6,-RPT,FM,AMS,Muswel 2,TONE,123.0 Hz,023,1500 Hz,RX 00,TX 00,MID,NO,5.0KHz,OFF,OFF,,0
28,147.22500,147.82500,0.6,+RPT,FM,AMS,BaldM  2,OFF,88.5 Hz,023,1500 Hz,RX 00,TX 00,MID,NO,5.0KHz,OFF,OFF,,0
29,146.67500,146.07500,0.6,-RPT,FM,AMS,SBark  2,OFF,88.5 Hz,023,1500 Hz,RX 00,TX 00,MID,NO,5.0KHz,OFF,OFF,,0
30,147.20000,147.80000,0.6,+RPT,FM,AMS,Gowan  2,OFF,88.5 Hz,023,1500 Hz,RX 00,TX 00,MID,NO,5.0KHz,OFF,OFF,,0
31,147.10000,147.70000,0.6,+RPT,FM,AMS,CbTree 2,TONE,91.5 Hz,023,1500 Hz,RX 00,TX 00,MID,NO,5.0KHz,OFF,OFF,,0
32,146.75000,146.15000,0.6,-RPT,FM,AMS,Wolloo 2,TONE,91.5 Hz,023,1500 Hz,RX 00,TX 00,MID,NO,5.0KHz,OFF,OFF,,0
33,146.70000,146.10000,0.6,-RPT,FM,AMS,Cbolas 2,TONE,91.5 Hz,023,1500 Hz,RX 00,TX 00,MID,NO,5.0KHz,OFF,OFF,,0
34,146.67500,146.07500,0.6,-RPT,FM,AMS,VK2REE 2,TONE,123.0 Hz,023,1500 Hz,RX 00,TX 00,MID,NO,5.0KHz,OFF,OFF,,0
35,147.07500,147.67500,0.6,+RPT,FM,AMS,Wandra 2,OFF,88.5 Hz,023,1500 Hz,RX 00,TX 00,MID,NO,5.0KHz,OFF,OFF,,0
36,146.72500,146.12500,0.6,-RPT,FM,AMS,Issacs 2,TONE,91.5 Hz,023,1500 Hz,RX 00,TX 00,MID,NO,5.0KHz,OFF,OFF,,0
37,146.82500,146.22500,0.6,-RPT,FM,AMS,Crawn  2,OFF,88.5 Hz,023,1500 Hz,RX 00,TX 00,MID,NO,5.0KHz,OFF,OFF,,0
38,146.90000,146.30000,0.6,-RPT,FM,AMS,Tidbin 2,OFF,88.5 Hz,023,1500 Hz,RX 00,TX 00,MID,NO,5.0KHz,OFF,OFF,,0
39,147.17500,147.77500,0.6,+RPT,FM,AMS,BullsH 2,OFF,88.5 Hz,023,1500 Hz,RX 00,TX 00,MID,NO,5.0KHz,OFF,OFF,,0
40,146.70000,146.10000,0.6,-RPT,FM,AMS,MdlBro 2,TONE,91.5 Hz,023,1500 Hz,RX 00,TX 00,MID,NO,5.0KHz,OFF,OFF,,0
41,147.10000,147.70000,0.6,+RPT,FM,AMS,Warrad 2,OFF,88.5 Hz,023,1500 Hz,RX 00,TX 00,MID,NO,5.0KHz,OFF,OFF,,0
42,146.92500,146.32500,0.6,-RPT,FM,AMS,VK2RPW 2,OFF,88.5 Hz,023,1500 Hz,RX 00,TX 00,MID,NO,5.0KHz,OFF,OFF,,0
43,146.95000,146.35000,0.6,-RPT,FM,AMS,Ginini 2,TONE,91.5 Hz,023,1500 Hz,RX 00,TX 00,MID,NO,5.0KHz,OFF,OFF,,0
44,146.80000,146.20000,0.6,-RPT,FM,AMS,Kendal 2,TONE,91.5 Hz,023,1500 Hz,RX 00,TX 00,MID,NO,5.0KHz,OFF,OFF,,0
45,147.37500,147.97500,0.6,+RPT,FM,AMS,Robts  2,OFF,88.5 Hz,023,1500 Hz,RX 00,TX 00,MID,NO,5.0KHz,OFF,OFF,,0
46,146.72500,146.12500,0.6,-RPT,FM,AMS,BurroH 2,OFF,88.5 Hz,023,1500 Hz,RX 00,TX 00,MID,NO,5.0KHz,OFF,OFF,,0
47,146.77500,146.17500,0.6,-RPT,FM,AMS,Bethun 2,TONE,91.5 Hz,023,1500 Hz,RX 00,TX 00,MID,NO,5.0KHz,OFF,OFF,,0
48,147.00000,146.40000,0.6,-RPT,FM,AMS,TelePt 2,OFF,88.5 Hz,023,1500 Hz,RX 00,TX 00,MID,NO,5.0KHz,OFF,OFF,,0
49,147.07500,147.67500,0.6,+RPT,FM,AMS,Moona  2,OFF,88.5 Hz,023,1500 Hz,RX 00,TX 00,MID,NO,5.0KHz,OFF,OFF,,0
50,146.75000,146.15000,0.6,-RPT,FM,AMS,Mumbla 2,OFF,88.5 Hz,023,1500 Hz,RX 00,TX 00,MID,NO,5.0KHz,OFF,OFF,,0
51,147.02500,147.62500,0.6,+RPT,FM,AMS,Digits 2,OFF,88.5 Hz,023,1500 Hz,RX 00,TX 00,MID,NO,5.0KHz,OFF,OFF,,0
52,146.82500,146.22500,0.6,-RPT,FM,AMS,Bega   2,OFF,88.5 Hz,023,1500 Hz,RX 00,TX 00,MID,NO,5.0KHz,OFF,OFF,,0
53,146.80000,146.20000,0.6,-RPT,FM,AMS,NeedlMn2,OFF,88.5 Hz,023,1500 Hz,RX 00,TX 00,MID,NO,5.0KHz,OFF,OFF,,0
54,146.75000,146.15000,0.6,-RPT,FM,AMS,WOF    2,TONE,91.5 Hz,023,1500 Hz,RX 00,TX 00,MID,NO,5.0KHz,OFF,OFF,,0
55,146.72500,146.12500,0.6,-RPT,FM,AMS,SHill  2,OFF,88.5 Hz,023,1500 Hz,RX 00,TX 00,MID,NO,5.0KHz,OFF,OFF,,0
56,146.87500,146.27500,0.6,-RPT,FM,AMS,YarahP 2,OFF,88.5 Hz,023,1500 Hz,RX 00,TX 00,MID,NO,5.0KHz,OFF,OFF,,0
57,146.87500,146.27500,0.6,-RPT,FM,AMS,Prishr 2,OFF,88.5 Hz,023,1500 Hz,RX 00,TX 00,MID,NO,5.0KHz,OFF,OFF,,0
58,146.90000,146.30000,0.6,-RPT,FM,AMS,Boona  2,OFF,88.5 Hz,023,1500 Hz,RX 00,TX 00,MID,NO,5.0KHz,OFF,OFF,,0
59,146.75000,146.15000,0.6,-RPT,FM,AMS,FranLO 2,TONE,123.0 Hz,023,1500 Hz,RX 00,TX 00,MID,NO,5.0KHz,OFF,OFF,,0
60,146.62500,146.02500,0.6,-RPT,FM,AMS,Kaput  2,OFF,88.5 Hz,023,1500 Hz,RX 00,TX 00,MID,NO,5.0KHz,OFF,OFF,,0
61,146.77500,146.17500,0.6,-RPT,FM,AMS,NomTop 2,OFF,88.5 Hz,023,1500 Hz,RX 00,TX 00,MID,NO,5.0KHz,OFF,OFF,,0
62,146.85000,146.25000,0.6,-RPT,FM,AMS,SqrNob 2,TONE,91.5 Hz,023,1500 Hz,RX 00,TX 00,MID,NO,5.0KHz,OFF,OFF,,0
63,146.95000,146.35000,0.6,-RPT,FM,AMS,Rumbee 2,OFF,88.5 Hz,023,1500 Hz,RX 00,TX 00,MID,NO,5.0KHz,OFF,OFF,,0
64,146.85000,146.25000,0.6,-RPT,FM,AMS,Bruxnr 2,TONE,123.0 Hz,023,1500 Hz,RX 00,TX 00,MID,NO,5.0KHz,OFF,OFF,,0
65,147.22500,147.82500,0.6,+RPT,FM,AMS,Albury 2,TONE,118.8 Hz,023,1500 Hz,RX 00,TX 00,MID,NO,5.0KHz,OFF,OFF,,0
66,146.65000,146.05000,0.6,-RPT,FM,AMS,THiHi  2,OFF,88.5 Hz,023,1500 Hz,RX 00,TX 00,MID,NO,5.0KHz,OFF,OFF,,0
67,146.82500,146.22500,0.6,-RPT,FM,AMS,Hay    2,TONE,91.5 Hz,023,1500 Hz,RX 00,TX 00,MID,NO,5.0KHz,OFF,OFF,,0
68,146.67500,146.07500,0.6,-RPT,FM,AMS,VK2RCV 2,TONE,123.0 Hz,023,1500 Hz,RX 00,TX 00,MID,NO,5.0KHz,OFF,OFF,,0
69,147.20000,147.80000,0.6,+RPT,FM,AMS,GwynH  2,TONE,123.0 Hz,023,1500 Hz,RX 00,TX 00,MID,NO,5.0KHz,OFF,OFF,,0
70,147.37500,147.97500,0.6,+RPT,FM,AMS,McKen  2,TONE,123.0 Hz,023,1500 Hz,RX 00,TX 00,MID,NO,5.0KHz,OFF,OFF,,0
71,147.25000,147.85000,0.6,+RPT,FM,AMS,Woodbn 2,TONE,123.0 Hz,023,1500 Hz,RX 00,TX 00,MID,NO,5.0KHz,OFF,OFF,,0
72,147.05000,147.65000,0.6,+RPT,FM,AMS,Malla  2,TONE,123.0 Hz,023,1500 Hz,RX 00,TX 00,MID,NO,5.0KHz,OFF,OFF,,0
73,146.77500,146.17500,0.6,-RPT,FM,AMS,Tabulm 2,OFF,88.5 Hz,023,1500 Hz,RX 00,TX 00,MID,NO,5.0KHz,OFF,OFF,,0
74,146.80000,146.20000,0.6,-RPT,FM,AMS,Lismor 2,TONE,123.0 Hz,023,1500 Hz,RX 00,TX 00,MID,NO,5.0KHz,OFF,OFF,,0
75,147.27500,147.87500,0.6,+RPT,FM,AMS,AcacPl 2,OFF,88.5 Hz,023,1500 Hz,RX 00,TX 00,MID,NO,5.0KHz,OFF,OFF,,0
76,146.72500,146.12500,0.6,-RPT,FM,AMS,Balran 2,OFF,88.5 Hz,023,1500 Hz,RX 00,TX 00,MID,NO,5.0KHz,OFF,OFF,,0
77,147.00000,146.40000,0.6,-RPT,FM,AMS,Darlng 2,OFF,88.5 Hz,023,1500 Hz,RX 00,TX 00,MID,NO,5.0KHz,OFF,OFF,,0
78,146.72500,146.12500,0.6,-RPT,FM,AMS,VK2RMS 2,OFF,88.5 Hz,023,1500 Hz,RX 00,TX 00,MID,NO,5.0KHz,OFF,OFF,,0
79,146.85000,146.25000,0.6,-RPT,FM,AMS,Baldwn 2,OFF,88.5 Hz,023,1500 Hz,RX 00,TX 00,MID,NO,5.0KHz,OFF,OFF,,0
80,147.10000,147.70000,0.6,+RPT,FM,AMS,SHigh  2,OFF,88.5 Hz,023,1500 Hz,RX 00,TX 00,MID,NO,5.0KHz,OFF,OFF,,0
81,147.12500,147.72500,0.6,+RPT,FM,AMS,VK1RWP 2,OFF,88.5 Hz,023,1500 Hz,RX 00,TX 00,MID,NO,5.0KHz,OFF,OFF,,0
82,147.12500,147.72500,0.6,+RPT,FM,AMS,VK2RAV 2,OFF,88.5 Hz,023,1500 Hz,RX 00,TX 00,MID,NO,5.0KHz,OFF,OFF,,0
83,147.15000,147.75000,0.6,+RPT,FM,AMS,VK1RWP 2,OFF,88.5 Hz,023,1500 Hz,RX 00,TX 00,MID,NO,5.0KHz,OFF,OFF,,0
84,147.15000,147.75000,0.6,+RPT,FM,AMS,VK2RAV 2,OFF,88.5 Hz,023,1500 Hz,RX 00,TX 00,MID,NO,5.0KHz,OFF,OFF,,0
85,147.17500,147.77500,0.6,+RPT,FM,AMS,VK1RWP 2,OFF,88.5 Hz,023,1500 Hz,RX 00,TX 00,MID,NO,5.0KHz,OFF,OFF,,0
86,147.17500,147.77500,0.6,+RPT,FM,AMS,VK2RAV 2,OFF,88.5 Hz,023,1500 Hz,RX 00,TX 00,MID,NO,5.0KHz,OFF,OFF,,0
87,147.17500,147.77500,0.6,+RPT,FM,AMS,VK2REP 2,OFF,88.5 Hz,023,1500 Hz,RX 00,TX 00,MID,NO,5.0KHz,OFF,OFF,,0
88,147.17500,147.77500,0.6,+RPT,FM,AMS,VK2RFI 2,OFF,88.5 Hz,023,1500 Hz,RX 00,TX 00,MID,NO,5.0KHz,OFF,OFF,,0
89,147.17500,147.77500,0.6,+RPT,FM,AMS,VK2RWS 2,OFF,88.5 Hz,023,1500 Hz,RX 00,TX 00,MID,NO,5.0KHz,OFF,OFF,,0
90,147.27500,147.87500,0.6,+RPT,FM,AMS,Razor  2,OFF,88.5 Hz,023,1500 Hz,RX 00,TX 00,MID,NO,5.0KHz,OFF,OFF,,0
91,147.12500,147.72500,0.6,+RPT,FM,AMS,Delegt 2,OFF,88.5 Hz,023,1500 Hz,RX 00,TX 00,MID,NO,5.0KHz,OFF,OFF,,0
92,146.62500,146.02500,0.6,-RPT,FM,AMS,DelHil 2,OFF,88.5 Hz,023,1500 Hz,RX 00,TX 00,MID,NO,5.0KHz,OFF,OFF,,0
93,147.15000,147.75000,0.6,+RPT,FM,AMS,MarHil 2,OFF,88.5 Hz,023,1500 Hz,RX 00,TX 00,MID,NO,5.0KHz,OFF,OFF,,0
94,146.65000,146.05000,0.6,-RPT,FM,AMS,MntCan 2,OFF,88.5 Hz,023,1500 Hz,RX 00,TX 00,MID,NO,5.0KHz,OFF,OFF,,0
95,146.97500,146.37500,0.6,-RPT,FM,AMS,VK3RWO 2,TONE,123.0 Hz,023,1500 Hz,RX 00,TX 00,MID,NO,5.0KHz,OFF,OFF,,0
96,147.00000,146.40000,0.6,-RPT,FM,AMS,BigBen 2,OFF,88.5 Hz,023,1500 Hz,RX 00,TX 00,MID,NO,5.0KHz,OFF,OFF,,0
97,147.10000,147.70000,0.6,+RPT,FM,AMS,Bright 2,OFF,88.5 Hz,023,1500 Hz,RX 00,TX 00,MID,NO,5.0KHz,OFF,OFF,,0
98,147.05000,147.65000,0.6,+RPT,FM,AMS,Hotham 2,OFF,88.5 Hz,023,1500 Hz,RX 00,TX 00,MID,NO,5.0KHz,OFF,OFF,,0
99,146.90000,146.30000,0.6,-RPT,FM,AMS,MntNow 2,OFF,88.5 Hz,023,1500 Hz,RX 00,TX 00,MID,NO,5.0KHz,OFF,OFF,,0
100,146.85000,146.25000,0.6,-RPT,FM,AMS,Major  2,OFF,88.5 Hz,023,1500 Hz,RX 00,TX 00,MID,NO,5.0KHz,OFF,OFF,,0
101,146.65000,146.05000,0.6,-RPT,FM,AMS,Wombat 2,TONE,123.0 Hz,023,1500 Hz,RX 00,TX 00,MID,NO,5.0KHz,OFF,OFF,,0
102,146.77500,146.17500,0.6,-RPT,FM,AMS,Renies 2,TONE,123.0 Hz,023,1500 Hz,RX 00,TX 00,MID,NO,5.0KHz,OFF,OFF,,0
103,147.22500,147.82500,0.6,+RPT,FM,AMS,BawSq  2,OFF,88.5 Hz,023,1500 Hz,RX 00,TX 00,MID,NO,5.0KHz,OFF,OFF,,0
104,147.27500,147.87500,0.6,+RPT,FM,AMS,Caveat 2,TONE,91.5 Hz,023,1500 Hz,RX 00,TX 00,MID,NO,5.0KHz,OFF,OFF,,0
105,146.82500,146.22500,0.6,-RPT,FM,AMS,VK3RYN 2,TONE,103.5 Hz,023,1500 Hz,RX 00,TX 00,MID,NO,5.0KHz,OFF,OFF,,0
106,146.67500,146.07500,0.6,-RPT,FM,AMS,Roches 2,OFF,88.5 Hz,023,1500 Hz,RX 00,TX 00,MID,NO,5.0KHz,OFF,OFF,,0
107,146.80000,146.20000,0.6,-RPT,FM,AMS,Tassie 2,OFF,88.5 Hz,023,1500 Hz,RX 00,TX 00,MID,NO,5.0KHz,OFF,OFF,,0
108,147.37500,147.97500,0.6,+RPT,FM,AMS,StLeo  2,TONE,91.5 Hz,023,1500 Hz,RX 00,TX 00,MID,NO,5.0KHz,OFF,OFF,,0
109,146.85000,146.25000,0.6,-RPT,FM,AMS,KLake  2,TONE,91.5 Hz,023,1500 Hz,RX 00,TX 00,MID,NO,5.0KHz,OFF,OFF,,0
110,146.72500,146.12500,0.6,-RPT,FM,AMS,Briart 2,TONE,123.0 Hz,023,1500 Hz,RX 00,TX 00,MID,NO,5.0KHz,OFF,OFF,,0
111,147.02500,147.62500,0.6,+RPT,FM,AMS,VK3RGS 2,TONE,123.0 Hz,023,1500 Hz,RX 00,TX 00,MID,NO,5.0KHz,OFF,OFF,,0
112,147.17500,147.77500,0.6,+RPT,FM,AMS,Olind1 2,TONE,91.5 Hz,023,1500 Hz,RX 00,TX 00,MID,NO,5.0KHz,OFF,OFF,,0
113,147.35000,147.95000,0.6,+RPT,FM,AMS,Olind2 2,OFF,88.5 Hz,023,1500 Hz,RX 00,TX 00,MID,NO,5.0KHz,OFF,OFF,,0
114,146.70000,146.10000,0.6,-RPT,FM,AMS,FernyC 2,TONE,91.5 Hz,023,1500 Hz,RX 00,TX 00,MID,NO,5.0KHz,OFF,OFF,,0
115,146.82500,146.22500,0.6,-RPT,FM,AMS,Upwey  2,TONE,94.8 Hz,023,1500 Hz,RX 00,TX 00,MID,NO,5.0KHz,OFF,OFF,,0
116,144.93750,145.53750,0.6,+RPT,FM,AMS,WantE  2,TONE,91.5 Hz,023,1500 Hz,RX 00,TX 00,MID,NO,5.0KHz,OFF,OFF,,0
117,147.32500,147.92500,0.6,+RPT,FM,AMS,NarWar 2,OFF,88.5 Hz,023,1500 Hz,RX 00,TX 00,MID,NO,5.0KHz,OFF,OFF,,0
118,146.97500,146.37500,0.6,-RPT,FM,AMS,RdlsCk 2,TONE,91.5 Hz,023,1500 Hz,RX 00,TX 00,MID,NO,5.0KHz,OFF,OFF,,0
119,147.15000,147.75000,0.6,+RPT,FM,AMS,Alex   2,OFF,88.5 Hz,023,1500 Hz,RX 00,TX 00,MID,NO,5.0KHz,OFF,OFF,,0
120,147.25000,147.85000,0.6,+RPT,FM,AMS,Macdon 2,OFF,88.5 Hz,023,1500 Hz,RX 00,TX 00,MID,NO,5.0KHz,OFF,OFF,,0
121,146.87500,146.27500,0.6,-RPT,FM,AMS,GreenH 2,TONE,91.5 Hz,023,1500 Hz,RX 00,TX 00,MID,NO,5.0KHz,OFF,OFF,,0
122,147.10000,147.70000,0.6,+RPT,FM,AMS,BassH  2,OFF,88.5 Hz,023,1500 Hz,RX 00,TX 00,MID,NO,5.0KHz,OFF,OFF,,0
123,147.42500,147.42500,0.0,-RPT,FM,AMS,Hillsd 2,TONE,91.5 Hz,023,1500 Hz,RX 00,TX 00,MID,NO,5.0KHz,OFF,OFF,,0
124,146.90000,146.30000,0.6,-RPT,FM,AMS,SwHill 2,OFF,88.5 Hz,023,1500 Hz,RX 00,TX 00,MID,NO,5.0KHz,OFF,OFF,,0
125,147.02500,147.62500,0.6,+RPT,FM,AMS,Kerang 2,OFF,88.5 Hz,023,1500 Hz,RX 00,TX 00,MID,NO,5.0KHz,OFF,OFF,,0
126,146.67500,146.07500,0.6,-RPT,FM,AMS,ArSeat 2,TONE,88.5 Hz,023,1500 Hz,RX 00,TX 00,MID,NO,5.0KHz,OFF,OFF,,0
127,147.00000,146.40000,0.6,-RPT,FM,AMS,VK3RGL 2,TONE,91.5 Hz,023,1500 Hz,RX 00,TX 00,MID,NO,5.0KHz,OFF,OFF,,0
128,147.05000,147.65000,0.6,+RPT,FM,AMS,RobinV 2,OFF,88.5 Hz,023,1500 Hz,RX 00,TX 00,MID,NO,5.0KHz,OFF,OFF,,0
129,146.75000,146.15000,0.6,-RPT,FM,AMS,Bunyng 2,TONE,91.5 Hz,023,1500 Hz,RX 00,TX 00,MID,NO,5.0KHz,OFF,OFF,,0
130,146.65000,146.05000,0.6,-RPT,FM,AMS,GreenH 2,TONE,91.5 Hz,023,1500 Hz,RX 00,TX 00,MID,NO,5.0KHz,OFF,OFF,,0
131,147.12500,147.72500,0.6,+RPT,FM,AMS,MoPell 2,TONE,91.5 Hz,023,1500 Hz,RX 00,TX 00,MID,NO,5.0KHz,OFF,OFF,,0
132,147.10000,147.70000,0.6,+RPT,FM,AMS,BenNev 2,TONE,91.5 Hz,023,1500 Hz,RX 00,TX 00,MID,NO,5.0KHz,OFF,OFF,,0
133,146.70000,146.10000,0.6,-RPT,FM,AMS,Ouyen  2,OFF,88.5 Hz,023,1500 Hz,RX 00,TX 00,MID,NO,5.0KHz,OFF,OFF,,0
134,146.80000,146.20000,0.6,-RPT,FM,AMS,Mildra 2,OFF,88.5 Hz,023,1500 Hz,RX 00,TX 00,MID,NO,5.0KHz,OFF,OFF,,0
135,146.62500,146.02500,0.6,-RPT,FM,AMS,BeechF 2,TONE,91.5 Hz,023,1500 Hz,RX 00,TX 00,MID,NO,5.0KHz,OFF,OFF,,0
136,146.95000,146.35000,0.6,-RPT,FM,AMS,Wiliam 2,TONE,91.5 Hz,023,1500 Hz,RX 00,TX 00,MID,NO,5.0KHz,OFF,OFF,,0
137,147.05000,147.65000,0.6,+RPT,FM,AMS,Warnum 2,TONE,91.5 Hz,023,1500 Hz,RX 00,TX 00,MID,NO,5.0KHz,OFF,OFF,,0
138,146.85000,146.25000,0.6,-RPT,FM,AMS,Arapls 2,OFF,88.5 Hz,023,1500 Hz,RX 00,TX 00,MID,NO,5.0KHz,OFF,OFF,,0
139,146.82500,146.22500,0.6,-RPT,FM,AMS,Portld 2,TONE,91.5 Hz,023,1500 Hz,RX 00,TX 00,MID,NO,5.0KHz,OFF,OFF,,0
140,146.92500,146.32500,0.6,-RPT,FM,AMS,VK3RPW 2,OFF,88.5 Hz,023,1500 Hz,RX 00,TX 00,MID,NO,5.0KHz,OFF,OFF,,0
141,146.92500,146.32500,0.6,-RPT,FM,AMS,VK3RWE 2,OFF,88.5 Hz,023,1500 Hz,RX 00,TX 00,MID,NO,5.0KHz,OFF,OFF,,0
142,146.92500,146.32500,0.6,-RPT,FM,AMS,VK3RWI 2,OFF,88.5 Hz,023,1500 Hz,RX 00,TX 00,MID,NO,5.0KHz,OFF,OFF,,0
143,146.92500,146.32500,0.6,-RPT,FM,AMS,VK3RWR 2,OFF,88.5 Hz,023,1500 Hz,RX 00,TX 00,MID,NO,5.0KHz,OFF,OFF,,0
144,146.92500,146.32500,0.6,-RPT,FM,AMS,VK3RWP 2,OFF,88.5 Hz,023,1500 Hz,RX 00,TX 00,MID,NO,5.0KHz,OFF,OFF,,0
145,146.97500,146.37500,0.6,-RPT,FM,AMS,VK3RSR 2,OFF,88.5 Hz,023,1500 Hz,RX 00,TX 00,MID,NO,5.0KHz,OFF,OFF,,0
146,147.07500,147.67500,0.6,+RPT,FM,AMS,Dande  2,OFF,88.5 Hz,023,1500 Hz,RX 00,TX 00,MID,NO,5.0KHz,OFF,OFF,,0
147,147.20000,147.80000,0.6,+RPT,FM,AMS,Dimbol 2,OFF,88.5 Hz,023,1500 Hz,RX 00,TX 00,MID,NO,5.0KHz,OFF,OFF,,0
148,147.30000,147.90000,0.6,+RPT,FM,AMS,VK3RWE 2,OFF,88.5 Hz,023,1500 Hz,RX 00,TX 00,MID,NO,5.0KHz,OFF,OFF,,0
149,147.30000,147.90000,0.6,+RPT,FM,AMS,VK3RWR 2,OFF,88.5 Hz,023,1500 Hz,RX 00,TX 00,MID,NO,5.0KHz,OFF,OFF,,0
150,147.30000,147.90000,0.6,+RPT,FM,AMS,VK3RWP 2,OFF,88.5 Hz,023,1500 Hz,RX 00,TX 00,MID,NO,5.0KHz,OFF,OFF,,0
151,146.82500,146.22500,0.6,-RPT,FM,AMS,VK4RCR 2,TONE,91.5 Hz,023,1500 Hz,RX 00,TX 00,MID,NO,5.0KHz,OFF,OFF,,0
152,146.70000,146.10000,0.6,-RPT,FM,AMS,VK4RGC 2,TONE,123.0 Hz,023,1500 Hz,RX 00,TX 00,MID,NO,5.0KHz,OFF,OFF,,0
153,147.22500,147.82500,0.6,+RPT,FM,AMS,VK4RGX 2,TONE,91.5 Hz,023,1500 Hz,RX 00,TX 00,MID,NO,5.0KHz,OFF,OFF,,0
154,146.75000,146.15000,0.6,-RPT,FM,AMS,VK4RDD 2,TONE,91.5 Hz,023,1500 Hz,RX 00,TX 00,MID,NO,5.0KHz,OFF,OFF,,0
155,147.20000,146.60000,0.6,-RPT,FM,AMS,VK4RBT 2,TONE,91.5 Hz,023,1500 Hz,RX 00,TX 00,MID,NO,5.0KHz,OFF,OFF,,0
156,146.97500,146.37500,0.6,-RPT,FM,AMS,VK4RLW 2,TONE,91.5 Hz,023,1500 Hz,RX 00,TX 00,MID,NO,5.0KHz,OFF,OFF,,0
157,147.05000,147.65000,0.6,+RPT,FM,AMS,VK4RTQ 2,TONE,91.5 Hz,023,1500 Hz,RX 00,TX 00,MID,NO,5.0KHz,OFF,OFF,,0
158,147.17500,147.77500,0.6,+RPT,FM,AMS,VK4RWM 2,OFF,88.5 Hz,023,1500 Hz,RX 00,TX 00,MID,NO,5.0KHz,OFF,OFF,,0
159,147.62500,147.02500,0.6,-RPT,FM,AMS,VK4RLB 2,OFF,88.5 Hz,023,1500 Hz,RX 00,TX 00,MID,NO,5.0KHz,OFF,OFF,,0
160,146.90000,146.30000,0.6,-RPT,FM,AMS,VK4RAI 2,OFF,88.5 Hz,023,1500 Hz,RX 00,TX 00,MID,NO,5.0KHz,OFF,OFF,,0
161,147.37500,147.97500,0.6,+RPT,FM,AMS,VK4RVR 2,TONE,91.5 Hz,023,1500 Hz,RX 00,TX 00,MID,NO,5.0KHz,OFF,OFF,,0
162,147.07500,147.67500,0.6,+RPT,FM,AMS,VK4RAX 2,OFF,88.5 Hz,023,1500 Hz,RX 00,TX 00,MID,NO,5.0KHz,OFF,OFF,,0
163,146.72500,146.12500,0.6,-RPT,FM,AMS,VK4RKP 2,OFF,88.5 Hz,023,1500 Hz,RX 00,TX 00,MID,NO,5.0KHz,OFF,OFF,,0
164,147.92500,147.32500,0.6,-RPT,FM,AMS,VK4RBA 2,TONE,123.0 Hz,023,1500 Hz,RX 00,TX 00,MID,NO,5.0KHz,OFF,OFF,,0
165,146.65000,146.05000,0.6,-RPT,FM,AMS,VK4RMC 2,TONE,91.5 Hz,023,1500 Hz,RX 00,TX 00,MID,NO,5.0KHz,OFF,OFF,,0
166,146.95000,146.35000,0.6,-RPT,FM,AMS,VK4RBQ 2,TONE,91.5 Hz,023,1500 Hz,RX 00,TX 00,MID,NO,5.0KHz,OFF,OFF,,0
167,147.25000,147.85000,0.6,+RPT,FM,AMS,VK4RED 2,TONE,91.5 Hz,023,1500 Hz,RX 00,TX 00,MID,NO,5.0KHz,OFF,OFF,,0
168,147.00000,146.40000,0.6,-RPT,FM,AMS,VK4RBN 2,TONE,91.5 Hz,023,1500 Hz,RX 00,TX 00,MID,NO,5.0KHz,OFF,OFF,,0
169,145.62500,145.62500,0.0,-RPT,FM,AMS,VK4RKC 2,OFF,88.5 Hz,023,1500 Hz,RX 00,TX 00,MID,NO,5.0KHz,OFF,OFF,,0
170,147.90000,147.30000,0.6,-RPT,FM,AMS,VK4RKC 2,OFF,88.5 Hz,023,1500 Hz,RX 00,TX 00,MID,NO,5.0KHz,OFF,OFF,,0
171,146.62500,146.02500,0.6,-RPT,FM,AMS,VK4RCC 2,TONE,91.5 Hz,023,1500 Hz,RX 00,TX 00,MID,NO,5.0KHz,OFF,OFF,,0
172,146.92500,146.32500,0.6,-RPT,FM,AMS,VK4RRC 2,OFF,88.5 Hz,023,1500 Hz,RX 00,TX 00,MID,NO,5.0KHz,OFF,OFF,,0
173,146.95000,146.35000,0.6,-RPT,FM,AMS,VK4REG 2,TONE,91.5 Hz,023,1500 Hz,RX 00,TX 00,MID,NO,5.0KHz,OFF,OFF,,0
174,146.67500,146.07500,0.6,-RPT,FM,AMS,VK4RET 2,TONE,91.5 Hz,023,1500 Hz,RX 00,TX 00,MID,NO,5.0KHz,OFF,OFF,,0
175,147.05000,147.65000,0.6,+RPT,FM,AMS,VK4RNX 2,TONE,123.0 Hz,023,1500 Hz,RX 00,TX 00,MID,NO,5.0KHz,OFF,OFF,,0
176,146.85000,146.25000,0.6,-RPT,FM,AMS,VK4RSC 2,TONE,91.5 Hz,023,1500 Hz,RX 00,TX 00,MID,NO,5.0KHz,OFF,OFF,,0
177,146.65000,146.05000,0.6,-RPT,FM,AMS,VK4ROM 2,OFF,88.5 Hz,023,1500 Hz,RX 00,TX 00,MID,NO,5.0KHz,OFF,OFF,,0
178,147.15000,147.75000,0.6,+RPT,FM,AMS,VK4RAG 2,OFF,88.5 Hz,023,1500 Hz,RX 00,TX 00,MID,NO,5.0KHz,OFF,OFF,,0
179,146.82500,146.22500,0.6,-RPT,FM,AMS,VK4RSL 2,TONE,91.5 Hz,023,1500 Hz,RX 00,TX 00,MID,NO,5.0KHz,OFF,OFF,,0
180,146.72500,146.12500,0.6,-RPT,FM,AMS,GymSth 2,TONE,91.5 Hz,023,1500 Hz,RX 00,TX 00,MID,NO,5.0KHz,OFF,OFF,,0
181,146.77500,146.17500,0.6,-RPT,FM,AMS,GymNth 2,TONE,91.5 Hz,023,1500 Hz,RX 00,TX 00,MID,NO,5.0KHz,OFF,OFF,,0
182,146.80000,146.20000,0.6,-RPT,FM,AMS,MtGoon 2,OFF,88.5 Hz,023,1500 Hz,RX 00,TX 00,MID,NO,5.0KHz,OFF,OFF,,0
183,146.65000,146.05000,0.6,-RPT,FM,AMS,VK4RHB 2,OFF,88.5 Hz,023,1500 Hz,RX 00,TX 00,MID,NO,5.0KHz,OFF,OFF,,0
184,147.27500,147.87500,0.6,+RPT,FM,AMS,VK4RNL 2,OFF,88.5 Hz,023,1500 Hz,RX 00,TX 00,MID,NO,5.0KHz,OFF,OFF,,0
185,147.80000,147.20000,0.6,-RPT,FM,AMS,VK4RBG 2,OFF,88.5 Hz,023,1500 Hz,RX 00,TX 00,MID,NO,5.0KHz,OFF,OFF,,0
186,147.00000,146.40000,0.6,-RPT,FM,AMS,VK4RCQ 2,OFF,88.5 Hz,023,1500 Hz,RX 00,TX 00,MID,NO,5.0KHz,OFF,OFF,,0
187,146.90000,146.30000,0.6,-RPT,FM,AMS,VK4RGA 2,TONE,91.5 Hz,023,1500 Hz,RX 00,TX 00,MID,NO,5.0KHz,OFF,OFF,,0
188,147.37500,147.97500,0.6,+RPT,FM,AMS,VK4RGA 2,TONE,91.5 Hz,023,1500 Hz,RX 00,TX 00,MID,NO,5.0KHz,OFF,OFF,,0
189,146.62500,146.02500,0.6,-RPT,FM,AMS,VK4RGT 2,TONE,91.5 Hz,023,1500 Hz,RX 00,TX 00,MID,NO,5.0KHz,OFF,OFF,,0
190,146.82500,146.22500,0.6,-RPT,FM,AMS,VK4RSP 2,OFF,88.5 Hz,023,1500 Hz,RX 00,TX 00,MID,NO,5.0KHz,OFF,OFF,,0
191,146.95000,146.35000,0.6,-RPT,FM,AMS,VK4RBD 2,TONE,91.5 Hz,023,1500 Hz,RX 00,TX 00,MID,NO,5.0KHz,OFF,OFF,,0
192,146.70000,146.10000,0.6,-RPT,FM,AMS,VK4RAR 2,TONE,91.5 Hz,023,1500 Hz,RX 00,TX 00,MID,NO,5.0KHz,OFF,OFF,,0
193,147.07500,147.67500,0.6,+RPT,FM,AMS,VK4REP 2,OFF,88.5 Hz,023,1500 Hz,RX 00,TX 00,MID,NO,5.0KHz,OFF,OFF,,0
194,146.92500,146.32500,0.6,-RPT,FM,AMS,VK4RHR 2,OFF,88.5 Hz,023,1500 Hz,RX 00,TX 00,MID,NO,5.0KHz,OFF,OFF,,0
195,146.87500,146.27500,0.6,-RPT,FM,AMS,VK4RAS 2,OFF,88.5 Hz,023,1500 Hz,RX 00,TX 00,MID,NO,5.0KHz,OFF,OFF,,0
196,146.77500,146.17500,0.6,-RPT,FM,AMS,VK4RBM 2,TONE,91.5 Hz,023,1500 Hz,RX 00,TX 00,MID,NO,5.0KHz,OFF,OFF,,0
197,146.67500,146.07500,0.6,-RPT,FM,AMS,VK4RSA 2,OFF,88.5 Hz,023,1500 Hz,RX 00,TX 00,MID,NO,5.0KHz,OFF,OFF,,0
198,146.97500,146.37500,0.6,-RPT,FM,AMS,VK4RRR 2,OFF,88.5 Hz,023,1500 Hz,RX 00,TX 00,MID,NO,5.0KHz,OFF,OFF,,0
199,147.00000,146.40000,0.6,-RPT,FM,AMS,VK4RMK 2,OFF,88.5 Hz,023,1500 Hz,RX 00,TX 00,MID,NO,5.0KHz,OFF,OFF,,0
200,146.80000,146.20000,0.6,-RPT,FM,AMS,VK4RMP 2,OFF,88.5 Hz,023,1500 Hz,RX 00,TX 00,MID,NO,5.0KHz,OFF,OFF,,0
201,146.70000,146.10000,0.6,-RPT,FM,AMS,VK4RAT 2,OFF,88.5 Hz,023,1500 Hz,RX 00,TX 00,MID,NO,5.0KHz,OFF,OFF,,0
202,146.70000,146.10000,0.6,-RPT,FM,AMS,VK4RMI 2,OFF,88.5 Hz,023,1500 Hz,RX 00,TX 00,MID,NO,5.0KHz,OFF,OFF,,0
203,146.85000,146.25000,0.6,-RPT,FM,AMS,VK4RSD 2,OFF,88.5 Hz,023,1500 Hz,RX 00,TX 00,MID,NO,5.0KHz,OFF,OFF,,0
204,146.95000,146.35000,0.6,-RPT,FM,AMS,VK4RCA 2,OFF,88.5 Hz,023,1500 Hz,RX 00,TX 00,MID,NO,5.0KHz,OFF,OFF,,0
205,146.67500,146.07500,0.6,-RPT,FM,AMS,VK4RHT 2,TONE,123.0 Hz,023,1500 Hz,RX 00,TX 00,MID,NO,5.0KHz,OFF,OFF,,0
206,146.87500,146.27500,0.6,-RPT,FM,AMS,VK4RBS 2,OFF,88.5 Hz,023,1500 Hz,RX 00,TX 00,MID,NO,5.0KHz,OFF,OFF,,0
207,147.15000,147.75000,0.6,+RPT,FM,AMS,VK4RWI 2,OFF,88.5 Hz,023,1500 Hz,RX 00,TX 00,MID,NO,5.0KHz,OFF,OFF,,0
208,147.95000,147.35000,0.6,-RPT,FM,AMS,VK4RBR 2,OFF,88.5 Hz,023,1500 Hz,RX 00,TX 00,MID,NO,5.0KHz,OFF,OFF,,0
209,147.32500,147.92500,0.6,+RPT,FM,AMS,VK5RLD 2,OFF,88.5 Hz,023,1500 Hz,RX 00,TX 00,MID,NO,5.0KHz,OFF,OFF,,0
210,146.65000,146.05000,0.6,-RPT,FM,AMS,Ncte   2,OFF,88.5 Hz,023,1500 Hz,RX 00,TX 00,MID,NO,5.0KHz,OFF,OFF,,0
211,147.35000,147.95000,0.6,+RPT,FM,AMS,VK5RBT 2,OFF,88.5 Hz,023,1500 Hz,RX 00,TX 00,MID,NO,5.0KHz,OFF,OFF,,0
212,146.90000,146.30000,0.6,-RPT,FM,AMS,MtgVHF 2,OFF,88.5 Hz,023,1500 Hz,RX 00,TX 00,MID,NO,5.0KHz,OFF,OFF,,0
213,146.80000,146.20000,0.6,-RPT,FM,AMS,MtGrah 2,OFF,88.5 Hz,023,1500 Hz,RX 00,TX 00,MID,NO,5.0KHz,OFF,OFF,,0
214,147.37500,147.97500,0.6,+RPT,FM,AMS,Kingst 2,OFF,88.5 Hz,023,1500 Hz,RX 00,TX 00,MID,NO,5.0KHz,OFF,OFF,,0
215,146.87500,146.27500,0.6,-RPT,FM,AMS,VK5RMB 2,OFF,88.5 Hz,023,1500 Hz,RX 00,TX 00,MID,NO,5.0KHz,OFF,OFF,,0
216,146.82500,146.22500,0.6,-RPT,FM,AMS,VK5RBV 2,OFF,88.5 Hz,023,1500 Hz,RX 00,TX 00,MID,NO,5.0KHz,OFF,OFF,,0
217,146.72500,146.12500,0.6,-RPT,FM,AMS,VK5RBK 2,OFF,88.5 Hz,023,1500 Hz,RX 00,TX 00,MID,NO,5.0KHz,OFF,OFF,,0
218,146.77500,146.17500,0.6,-RPT,FM,AMS,VK5RAH 2,OFF,88.5 Hz,023,1500 Hz,RX 00,TX 00,MID,NO,5.0KHz,OFF,OFF,,0
219,146.85000,146.25000,0.6,-RPT,FM,AMS,VK5RHO 2,OFF,88.5 Hz,023,1500 Hz,RX 00,TX 00,MID,NO,5.0KHz,OFF,OFF,,0
220,147.00000,146.40000,0.6,-RPT,FM,AMS,VK5RAD 2,OFF,88.5 Hz,023,1500 Hz,RX 00,TX 00,MID,NO,5.0KHz,OFF,OFF,,0
221,146.62500,146.02500,0.6,-RPT,FM,AMS,VK5RLZ 2,OFF,88.5 Hz,023,1500 Hz,RX 00,TX 00,MID,NO,5.0KHz,OFF,OFF,,0
222,146.67500,146.07500,0.6,-RPT,FM,AMS,VK5RSV 2,TONE,91.5 Hz,023,1500 Hz,RX 00,TX 00,MID,NO,5.0KHz,OFF,OFF,,0
223,146.92500,146.32500,0.6,-RPT,FM,AMS,VK5RLH 2,OFF,88.5 Hz,023,1500 Hz,RX 00,TX 00,MID,NO,5.0KHz,OFF,OFF,,0
224,146.70000,146.10000,0.6,-RPT,FM,AMS,VK5RMN 2,OFF,88.5 Hz,023,1500 Hz,RX 00,TX 00,MID,NO,5.0KHz,OFF,OFF,,0
225,146.97500,146.37500,0.6,-RPT,FM,AMS,VK5RAE 2,OFF,88.5 Hz,023,1500 Hz,RX 00,TX 00,MID,NO,5.0KHz,OFF,OFF,,0
226,146.80000,146.20000,0.6,-RPT,FM,AMS,VK5REP 2,OFF,88.5 Hz,023,1500 Hz,RX 00,TX 00,MID,NO,5.0KHz,OFF,OFF,,0
227,146.75000,146.15000,0.6,-RPT,FM,AMS,VK5RAC 2,OFF,88.5 Hz,023,1500 Hz,RX 00,TX 00,MID,NO,5.0KHz,OFF,OFF,,0
228,147.20000,147.80000,0.6,+RPT,FM,AMS,VK5RBP 2,OFF,88.5 Hz,023,1500 Hz,RX 00,TX 00,MID,NO,5.0KHz,OFF,OFF,,0
229,147.30000,147.90000,0.6,+RPT,FM,AMS,VK5RWI 2,OFF,88.5 Hz,023,1500 Hz,RX 00,TX 00,MID,NO,5.0KHz,OFF,OFF,,0
230,147.05000,147.65000,0.6,+RPT,FM,AMS,VK6RRR 2,OFF,88.5 Hz,023,1500 Hz,RX 00,TX 00,MID,NO,5.0KHz,OFF,OFF,,0
231,146.82500,146.22500,0.6,-RPT,FM,AMS,MtBark 2,OFF,88.5 Hz,023,1500 Hz,RX 00,TX 00,MID,NO,5.0KHz,OFF,OFF,,0
232,147.00000,146.40000,0.6,-RPT,FM,AMS,Katnng 2,OFF,88.5 Hz,023,1500 Hz,RX 00,TX 00,MID,NO,5.0KHz,OFF,OFF,,0
233,147.32500,147.92500,0.6,+RPT,FM,AMS,Keller 2,OFF,88.5 Hz,023,1500 Hz,RX 00,TX 00,MID,NO,5.0KHz,OFF,OFF,,0
234,147.25000,147.85000,0.6,+RPT,FM,AMS,MtSdbk 2,OFF,88.5 Hz,023,1500 Hz,RX 00,TX 00,MID,NO,5.0KHz,OFF,OFF,,0
235,147.15000,147.75000,0.6,+RPT,FM,AMS,Manji  2,OFF,88.5 Hz,023,1500 Hz,RX 00,TX 00,MID,NO,5.0KHz,OFF,OFF,,0
236,147.27500,147.87500,0.6,+RPT,FM,AMS,VK6RAV 2,OFF,88.5 Hz,023,1500 Hz,RX 00,TX 00,MID,NO,5.0KHz,OFF,OFF,,0
237,147.17500,147.77500,0.6,+RPT,FM,AMS,Avon C 2,OFF,88.5 Hz,023,1500 Hz,RX 00,TX 00,MID,NO,5.0KHz,OFF,OFF,,0
238,146.90000,146.30000,0.6,-RPT,FM,AMS,MtWilm 2,OFF,88.5 Hz,023,1500 Hz,RX 00,TX 00,MID,NO,5.0KHz,OFF,OFF,,0
239,146.65000,146.05000,0.6,-RPT,FM,AMS,Bunbry 2,OFF,88.5 Hz,023,1500 Hz,RX 00,TX 00,MID,NO,5.0KHz,OFF,OFF,,0
240,146.70000,146.10000,0.6,-RPT,FM,AMS,PerSE1 2,OFF,88.5 Hz,023,1500 Hz,RX 00,TX 00,MID,NO,5.0KHz,OFF,OFF,,0
241,146.75000,146.15000,0.6,-RPT,FM,AMS,PerSE2 2,OFF,88.5 Hz,023,1500 Hz,RX 00,TX 00,MID,NO,5.0KHz,OFF,OFF,,0
242,146.80000,146.20000,0.6,-RPT,FM,AMS,PerNE  2,OFF,88.5 Hz,023,1500 Hz,RX 00,TX 00,MID,NO,5.0KHz,OFF,OFF,,0
243,146.85000,146.25000,0.6,-RPT,FM,AMS,Mandrh 2,TONE,91.5 Hz,023,1500 Hz,RX 00,TX 00,MID,NO,5.0KHz,OFF,OFF,,0
244,146.62500,146.02500,0.6,-RPT,FM,AMS,PerNth 2,OFF,88.5 Hz,023,1500 Hz,RX 00,TX 00,MID,NO,5.0KHz,OFF,OFF,,0
245,147.35000,147.95000,0.6,+RPT,FM,AMS,Busltn 2,OFF,88.5 Hz,023,1500 Hz,RX 00,TX 00,MID,NO,5.0KHz,OFF,OFF,,0
246,146.95000,146.35000,0.6,-RPT,FM,AMS,Freo   2,OFF,88.5 Hz,023,1500 Hz,RX 00,TX 00,MID,NO,5.0KHz,OFF,OFF,,0
247,147.07500,147.67500,0.6,+RPT,FM,AMS,Rotto  2,OFF,88.5 Hz,023,1500 Hz,RX 00,TX 00,MID,NO,5.0KHz,OFF,OFF,,0
248,147.20000,147.80000,0.6,+RPT,FM,AMS,Cataby 2,OFF,88.5 Hz,023,1500 Hz,RX 00,TX 00,MID,NO,5.0KHz,OFF,OFF,,0
249,147.00000,146.40000,0.6,-RPT,FM,AMS,Grldtn 2,OFF,88.5 Hz,023,1500 Hz,RX 00,TX 00,MID,NO,5.0KHz,OFF,OFF,,0
250,146.77500,146.17500,0.6,-RPT,FM,AMS,Geldtn 2,OFF,88.5 Hz,023,1500 Hz,RX 00,TX 00,MID,NO,5.0KHz,OFF,OFF,,0
251,146.67500,146.07500,0.6,-RPT,FM,AMS,NthHmp 2,OFF,88.5 Hz,023,1500 Hz,RX 00,TX 00,MID,NO,5.0KHz,OFF,OFF,,0
252,146.70000,146.10000,0.6,-RPT,FM,AMS,WickHm 2,OFF,88.5 Hz,023,1500 Hz,RX 00,TX 00,MID,NO,5.0KHz,OFF,OFF,,0
253,146.85000,146.25000,0.6,-RPT,FM,AMS,Exmoth 2,OFF,88.5 Hz,023,1500 Hz,RX 00,TX 00,MID,NO,5.0KHz,OFF,OFF,,0
254,146.62500,146.02500,0.6,-RPT,FM,AMS,TomPrc 2,OFF,88.5 Hz,023,1500 Hz,RX 00,TX 00,MID,NO,5.0KHz,OFF,OFF,,0
255,146.87500,146.27500,0.6,-RPT,FM,AMS,VK6RIC 2,OFF,88.5 Hz,023,1500 Hz,RX 00,TX 00,MID,NO,5.0KHz,OFF,OFF,,0
256,146.97500,146.37500,0.6,-RPT,FM,AMS,VK6RSH 2,OFF,88.5 Hz,023,1500 Hz,RX 00,TX 00,MID,NO,5.0KHz,OFF,OFF,,0
257,147.00000,146.40000,0.6,-RPT,FM,AMS,Kal    2,OFF,88.5 Hz,023,1500 Hz,RX 00,TX 00,MID,NO,5.0KHz,OFF,OFF,,0
258,147.02500,147.62500,0.6,+RPT,FM,AMS,VK6RPT 2,OFF,88.5 Hz,023,1500 Hz,RX 00,TX 00,MID,NO,5.0KHz,OFF,OFF,,0
259,147.00000,146.40000,0.6,-RPT,FM,AMS,VK7RAA 2,OFF,88.5 Hz,023,1500 Hz,RX 00,TX 00,MID,NO,5.0KHz,OFF,OFF,,0
260,147.37500,147.97500,0.6,+RPT,FM,AMS,VK7RAC 2,OFF,88.5 Hz,023,1500 Hz,RX 00,TX 00,MID,NO,5.0KHz,OFF,OFF,,0
261,146.77500,146.17500,0.6,-RPT,FM,AMS,VK7RTV 2,OFF,88.5 Hz,023,1500 Hz,RX 00,TX 00,MID,NO,5.0KHz,OFF,OFF,,0
262,146.62500,146.02500,0.6,-RPT,FM,AMS,VK7RMD 2,OFF,88.5 Hz,023,1500 Hz,RX 00,TX 00,MID,NO,5.0KHz,OFF,OFF,,0
263,146.90000,146.30000,0.6,-RPT,FM,AMS,VK7REC 2,OFF,88.5 Hz,023,1500 Hz,RX 00,TX 00,MID,NO,5.0KHz,OFF,OFF,,0
264,146.72500,146.12500,0.6,-RPT,FM,AMS,VK7RVP 2,TONE,91.5 Hz,023,1500 Hz,RX 00,TX 00,MID,NO,5.0KHz,OFF,OFF,,0
265,147.07500,147.67500,0.6,+RPT,FM,AMS,VK7RWC 2,TONE,123.0 Hz,023,1500 Hz,RX 00,TX 00,MID,NO,5.0KHz,OFF,OFF,,0
266,146.80000,146.20000,0.6,-RPT,FM,AMS,VK7RAK 2,OFF,88.5 Hz,023,1500 Hz,RX 00,TX 00,MID,NO,5.0KHz,OFF,OFF,,0
267,146.65000,146.05000,0.6,-RPT,FM,AMS,VK7RAF 2,TONE,123.0 Hz,023,1500 Hz,RX 00,TX 00,MID,NO,5.0KHz,OFF,OFF,,0
268,146.70000,146.10000,0.6,-RPT,FM,AMS,VK7RHT 2,TONE,141.3 Hz,023,1500 Hz,RX 00,TX 00,MID,NO,5.0KHz,OFF,OFF,,0
269,147.97500,147.37500,0.6,-RPT,FM,AMS,VK7RAD 2,TONE,141.3 Hz,023,1500 Hz,RX 00,TX 00,MID,NO,5.0KHz,OFF,OFF,,0
270,147.87500,146.07500,1.8,-RPT,FM,AMS,VK7RCR 2,TONE,123.0 Hz,023,1500 Hz,RX 00,TX 00,MID,NO,5.0KHz,OFF,OFF,,0
271,146.85000,146.25000,0.6,-RPT,FM,AMS,VK7RHT 2,OFF,88.5 Hz,023,1500 Hz,RX 00,TX 00,MID,NO,5.0KHz,OFF,OFF,,0
272,146.70000,146.10000,0.6,-RPT,FM,AMS,VK7RHT 2,TONE,141.3 Hz,023,1500 Hz,RX 00,TX 00,MID,NO,5.0KHz,OFF,OFF,,0
273,146.75000,146.15000,0.6,-RPT,FM,AMS,VK7RNW 2,OFF,88.5 Hz,023,1500 Hz,RX 00,TX 00,MID,NO,5.0KHz,OFF,OFF,,0
274,146.95000,146.35000,0.6,-RPT,FM,AMS,ASpr2  2,TONE,91.5 Hz,023,1500 Hz,RX 00,TX 00,MID,NO,5.0KHz,OFF,OFF,,0
275,146.75000,146.15000,0.6,-RPT,FM,AMS,VK8RKT 2,TONE,91.5 Hz,023,1500 Hz,RX 00,TX 00,MID,NO,5.0KHz,OFF,OFF,,0
276,146.90000,146.30000,0.6,-RPT,FM,AMS,VK8RDA 2,TONE,123.0 Hz,023,1500 Hz,RX 00,TX 00,MID,NO,5.0KHz,OFF,OFF,,0
277,147.00000,146.40000,0.6,-RPT,FM,AMS,VK8RTE 2,TONE,123.0 Hz,023,1500 Hz,RX 00,TX 00,MID,NO,5.0KHz,OFF,OFF,,0
278,146.95000,146.35000,0.6,-RPT,FM,AMS,VK8RPD 2,TONE,123.0 Hz,023,1500 Hz,RX 00,TX 00,MID,NO,5.0KHz,OFF,OFF,,0
279,438.11250,432.71250,5.4,-RPT,FM,AMS,VK2RBV 7,TONE,91.5 Hz,023,1500 Hz,RX 00,TX 00,MID,YES,5.0KHz,OFF,OFF,,0
280,439.80000,434.80000,5.0,-RPT,FM,AMS,VK2RCG 7,TONE,91.5 Hz,023,1500 Hz,RX 00,TX 00,MID,YES,5.0KHz,OFF,OFF,,0
281,438.57500,433.57500,5.0,-RPT,FM,AMS,Paddo  7,TONE,91.5 Hz,023,1500 Hz,RX 00,TX 00,MID,YES,5.0KHz,OFF,OFF,,0
282,439.92500,434.92500,5.0,-RPT,FM,AMS,VK2RON 7,OFF,88.5 Hz,023,1500 Hz,RX 00,TX 00,MID,YES,5.0KHz,OFF,OFF,,0
283,438.55000,433.55000,5.0,-RPT,FM,AMS,VK2RHC 7,TONE,91.5 Hz,023,1500 Hz,RX 00,TX 00,MID,YES,5.0KHz,OFF,OFF,,0
284,438.45000,433.45000,5.0,-RPT,FM,AMS,VK2RCF 7,TONE,91.5 Hz,023,1500 Hz,RX 00,TX 00,MID,YES,5.0KHz,OFF,OFF,,0
285,438.17500,433.17500,5.0,-RPT,FM,AMS,THills 7,TONE,91.5 Hz,023,1500 Hz,RX 00,TX 00,MID,YES,5.0KHz,OFF,OFF,,0
286,439.97500,434.97500,5.0,-RPT,FM,AMS,Asqith 7,TONE,91.5 Hz,023,1500 Hz,RX 00,TX 00,MID,YES,5.0KHz,OFF,OFF,,0
287,438.52500,433.52500,5.0,-RPT,FM,AMS,Dural  7,OFF,88.5 Hz,023,1500 Hz,RX 00,TX 00,MID,YES,5.0KHz,OFF,OFF,,0
288,438.60000,433.60000,5.0,-RPT,FM,AMS,Dural1 7,OFF,88.5 Hz,023,1500 Hz,RX 00,TX 00,MID,YES,5.0KHz,OFF,OFF,,0
289,439.90000,434.90000,5.0,-RPT,FM,AMS,Dural2 7,OFF,88.5 Hz,023,1500 Hz,RX 00,TX 00,MID,YES,5.0KHz,OFF,OFF,,0
290,438.42500,433.42500,5.0,-RPT,FM,AMS,HCote  7,OFF,88.5 Hz,023,1500 Hz,RX 00,TX 00,MID,YES,5.0KHz,OFF,OFF,,0
291,439.47500,434.47500,5.0,-RPT,FM,AMS,VK2RGW 7,OFF,88.5 Hz,023,1500 Hz,RX 00,TX 00,MID,NO,5.0KHz,OFF,OFF,,0
292,439.75000,434.75000,5.0,-RPT,FM,AMS,VK2RHP 7,OFF,88.5 Hz,023,1500 Hz,RX 00,TX 00,MID,NO,5.0KHz,OFF,OFF,,0
293,438.65000,431.65000,7.0,-RPT,FM,AMS,GHills 7,TONE,91.5 Hz,023,1500 Hz,RX 00,TX 00,MID,NO,5.0KHz,OFF,OFF,,0
294,439.30000,434.30000,5.0,-RPT,FM,AMS,VK2RTG 7,OFF,88.5 Hz,023,1500 Hz,RX 00,TX 00,MID,NO,5.0KHz,OFF,OFF,,0
295,438.72500,433.72500,5.0,-RPT,FM,AMS,Maddns 7,TONE,123.0 Hz,023,1500 Hz,RX 00,TX 00,MID,NO,5.0KHz,OFF,OFF,,0
296,438.07500,431.07500,7.0,-RPT,FM,AMS,Someb  7,TONE,91.5 Hz,023,1500 Hz,RX 00,TX 00,MID,NO,5.0KHz,OFF,OFF,,0
297,438.80000,431.80000,7.0,-RPT,FM,AMS,Someb1 7,TONE,91.5 Hz,023,1500 Hz,RX 00,TX 00,MID,NO,5.0KHz,OFF,OFF,,0
298,438.87500,431.87500,7.0,-RPT,FM,AMS,Someb2 7,TONE,91.5 Hz,023,1500 Hz,RX 00,TX 00,MID,NO,5.0KHz,OFF,OFF,,0
299,439.95000,434.95000,5.0,-RPT,FM,AMS,Someb3 7,TONE,91.5 Hz,023,1500 Hz,RX 00,TX 00,MID,NO,5.0KHz,OFF,OFF,,0
300,439.42500,434.42500,5.0,-RPT,FM,AMS,VK2RCZ 7,TONE,91.5 Hz,023,1500 Hz,RX 00,TX 00,MID,NO,5.0KHz,OFF,OFF,,0
301,439.82500,434.82500,5.0,-RPT,FM,AMS,KurraJ 7,TONE,91.5 Hz,023,1500 Hz,RX 00,TX 00,MID,NO,5.0KHz,OFF,OFF,,0
302,438.37500,433.37500,5.0,-RPT,FM,AMS,Lawsn1 7,TONE,91.5 Hz,023,1500 Hz,RX 00,TX 00,MID,NO,5.0KHz,OFF,OFF,,0
303,438.12500,433.12500,5.0,-RPT,FM,AMS,VK2RHK 7,OFF,88.5 Hz,023,1500 Hz,RX 00,TX 00,MID,NO,5.0KHz,OFF,OFF,,0
304,438.02500,433.02500,5.0,-RPT,FM,AMS,HRange 7,OFF,88.5 Hz,023,1500 Hz,RX 00,TX 00,MID,NO,5.0KHz,OFF,OFF,,0
305,438.30000,433.30000,5.0,-RPT,FM,AMS,VK2RIW 7,OFF,88.5 Hz,023,1500 Hz,RX 00,TX 00,MID,NO,5.0KHz,OFF,OFF,,0
306,439.62500,434.62500,5.0,-RPT,FM,AMS,Cnock  7,OFF,88.5 Hz,023,1500 Hz,RX 00,TX 00,MID,NO,5.0KHz,OFF,OFF,,0
307,438.02500,433.02500,5.0,-RPT,FM,AMS,SgarL  7,OFF,88.5 Hz,023,1500 Hz,RX 00,TX 00,MID,NO,5.0KHz,OFF,OFF,,0
308,438.67500,433.67500,5.0,-RPT,FM,AMS,SgarL1 7,OFF,88.5 Hz,023,1500 Hz,RX 00,TX 00,MID,NO,5.0KHz,OFF,OFF,,0
309,438.12500,433.12500,5.0,-RPT,FM,AMS,NowraH 7,TONE,91.5 Hz,023,1500 Hz,RX 00,TX 00,MID,NO,5.0KHz,OFF,OFF,,0
310,438.82500,431.82500,7.0,-RPT,FM,AMS,VK2ROJ 7,TONE,91.5 Hz,023,1500 Hz,RX 00,TX 00,MID,NO,5.0KHz,OFF,OFF,,0
311,439.70000,434.70000,5.0,-RPT,FM,AMS,VK2ROJ 7,TONE,91.5 Hz,023,1500 Hz,RX 00,TX 00,MID,NO,5.0KHz,OFF,OFF,,0
312,438.32500,433.32500,5.0,-RPT,FM,AMS,MtGray 7,OFF,88.5 Hz,023,1500 Hz,RX 00,TX 00,MID,NO,5.0KHz,OFF,OFF,,0
313,439.95000,434.95000,5.0,-RPT,FM,AMS,MtGray 7,OFF,88.5 Hz,023,1500 Hz,RX 00,TX 00,MID,NO,5.0KHz,OFF,OFF,,0
314,438.62500,433.62500,5.0,-RPT,FM,AMS,VK2RGN 7,OFF,88.5 Hz,023,1500 Hz,RX 00,TX 00,MID,NO,5.0KHz,OFF,OFF,,0
315,439.85000,434.85000,5.0,-RPT,FM,AMS,SBark  7,OFF,88.5 Hz,023,1500 Hz,RX 00,TX 00,MID,NO,5.0KHz,OFF,OFF,,0
316,439.30000,434.30000,5.0,-RPT,FM,AMS,Gowan  7,OFF,88.5 Hz,023,1500 Hz,RX 00,TX 00,MID,NO,5.0KHz,OFF,OFF,,0
317,438.72500,433.72500,5.0,-RPT,FM,AMS,Cbolas 7,OFF,88.5 Hz,023,1500 Hz,RX 00,TX 00,MID,NO,5.0KHz,OFF,OFF,,0
318,438.32500,433.32500,5.0,-RPT,FM,AMS,VK2REE 7,OFF,88.5 Hz,023,1500 Hz,RX 00,TX 00,MID,NO,5.0KHz,OFF,OFF,,0
319,439.95000,434.95000,5.0,-RPT,FM,AMS,Issacs 7,TONE,91.5 Hz,023,1500 Hz,RX 00,TX 00,MID,NO,5.0KHz,OFF,OFF,,0
320,438.47500,431.47500,7.0,-RPT,FM,AMS,MtCraw 7,OFF,88.5 Hz,023,1500 Hz,RX 00,TX 00,MID,NO,5.0KHz,OFF,OFF,,0
321,438.52500,433.52500,5.0,-RPT,FM,AMS,MdlBro 7,TONE,123.0 Hz,023,1500 Hz,RX 00,TX 00,MID,NO,5.0KHz,OFF,OFF,,0
322,438.32500,433.32500,5.0,-RPT,FM,AMS,Warrad 7,OFF,88.5 Hz,023,1500 Hz,RX 00,TX 00,MID,NO,5.0KHz,OFF,OFF,,0
323,438.22500,431.22500,7.0,-RPT,FM,AMS,VK2RPW 7,OFF,88.5 Hz,023,1500 Hz,RX 00,TX 00,MID,NO,5.0KHz,OFF,OFF,,0
324,438.05000,433.05000,5.0,-RPT,FM,AMS,Ginini 7,TONE,91.5 Hz,023,1500 Hz,RX 00,TX 00,MID,NO,5.0KHz,OFF,OFF,,0
325,439.95000,434.95000,5.0,-RPT,FM,AMS,VK2RDD 7,OFF,88.5 Hz,023,1500 Hz,RX 00,TX 00,MID,NO,5.0KHz,OFF,OFF,,0
326,438.42500,433.42500,5.0,-RPT,FM,AMS,TelePt 7,TONE,123.0 Hz,023,1500 Hz,RX 00,TX 00,MID,NO,5.0KHz,OFF,OFF,,0
327,439.90000,434.90000,5.0,-RPT,FM,AMS,Bega   7,OFF,88.5 Hz,023,1500 Hz,RX 00,TX 00,MID,NO,5.0KHz,OFF,OFF,,0
328,438.65000,433.65000,5.0,-RPT,FM,AMS,SHill  7,OFF,88.5 Hz,023,1500 Hz,RX 00,TX 00,MID,NO,5.0KHz,OFF,OFF,,0
329,438.07500,433.07500,5.0,-RPT,FM,AMS,YarahP 7,OFF,88.5 Hz,023,1500 Hz,RX 00,TX 00,MID,NO,5.0KHz,OFF,OFF,,0
330,438.02500,433.02500,5.0,-RPT,FM,AMS,VK2RTW 7,TONE,91.5 Hz,023,1500 Hz,RX 00,TX 00,MID,NO,5.0KHz,OFF,OFF,,0
331,439.80000,434.80000,5.0,-RPT,FM,AMS,VK2RTW 7,TONE,91.5 Hz,023,1500 Hz,RX 00,TX 00,MID,NO,5.0KHz,OFF,OFF,,0
332,438.45000,433.45000,5.0,-RPT,FM,AMS,Prishr 7,OFF,88.5 Hz,023,1500 Hz,RX 00,TX 00,MID,NO,5.0KHz,OFF,OFF,,0
333,438.57500,433.57500,5.0,-RPT,FM,AMS,Kaput  7,OFF,88.5 Hz,023,1500 Hz,RX 00,TX 00,MID,NO,5.0KHz,OFF,OFF,,0
334,439.90000,434.90000,5.0,-RPT,FM,AMS,NomTop 7,OFF,88.5 Hz,023,1500 Hz,RX 00,TX 00,MID,NO,5.0KHz,OFF,OFF,,0
335,439.85000,434.85000,5.0,-RPT,FM,AMS,VK2RCR 7,TONE,123.0 Hz,023,1500 Hz,RX 00,TX 00,MID,NO,5.0KHz,OFF,OFF,,0
336,438.57500,433.57500,5.0,-RPT,FM,AMS,Albury 7,TONE,118.8 Hz,023,1500 Hz,RX 00,TX 00,MID,NO,5.0KHz,OFF,OFF,,0
337,438.85000,431.85000,7.0,-RPT,FM,AMS,VK2RCA 7,TONE,123.0 Hz,023,1500 Hz,RX 00,TX 00,MID,NO,5.0KHz,OFF,OFF,,0
338,439.65000,434.65000,5.0,-RPT,FM,AMS,GwynH  7,TONE,123.0 Hz,023,1500 Hz,RX 00,TX 00,MID,NO,5.0KHz,OFF,OFF,,0
339,439.95000,434.95000,5.0,-RPT,FM,AMS,Lismor 7,TONE,123.0 Hz,023,1500 Hz,RX 00,TX 00,MID,NO,5.0KHz,OFF,OFF,,0
340,438.67500,433.67500,5.0,-RPT,FM,AMS,Nardi  7,TONE,123.0 Hz,023,1500 Hz,RX 00,TX 00,MID,NO,5.0KHz,OFF,OFF,,0
341,438.27500,432.87500,5.4,-RPT,FM,AMS,VK2RWS 7,OFF,88.5 Hz,023,1500 Hz,RX 00,TX 00,MID,NO,5.0KHz,OFF,OFF,,0
342,439.32500,434.32500,5.0,-RPT,FM,AMS,VK2RSV 7,TONE,91.5 Hz,023,1500 Hz,RX 00,TX 00,MID,NO,5.0KHz,OFF,OFF,,0
343,439.37500,434.37500,5.0,-RPT,FM,AMS,VK2RSH 7,OFF,88.5 Hz,023,1500 Hz,RX 00,TX 00,MID,NO,5.0KHz,OFF,OFF,,0
344,439.52500,434.52500,5.0,-RPT,FM,AMS,VK2RAV 7,OFF,88.5 Hz,023,1500 Hz,RX 00,TX 00,MID,NO,5.0KHz,OFF,OFF,,0
345,439.57500,434.57500,5.0,-RPT,FM,AMS,VK2RMR 7,TONE,123.0 Hz,023,1500 Hz,RX 00,TX 00,MID,NO,5.0KHz,OFF,OFF,,0
346,439.60000,434.60000,5.0,-RPT,FM,AMS,Razor  7,TONE,91.5 Hz,023,1500 Hz,RX 00,TX 00,MID,NO,5.0KHz,OFF,OFF,,0
347,439.62500,434.62500,5.0,-RPT,FM,AMS,VK2RFI 7,OFF,88.5 Hz,023,1500 Hz,RX 00,TX 00,MID,NO,5.0KHz,OFF,OFF,,0
348,439.77500,434.77500,5.0,-RPT,FM,AMS,VK2RSW 7,OFF,88.5 Hz,023,1500 Hz,RX 00,TX 00,MID,NO,5.0KHz,OFF,OFF,,0
349,439.80000,434.80000,5.0,-RPT,FM,AMS,VK2RWE 7,TONE,123.0 Hz,023,1500 Hz,RX 00,TX 00,MID,NO,5.0KHz,OFF,OFF,,0
350,439.85000,434.85000,5.0,-RPT,FM,AMS,Werri  7,OFF,88.5 Hz,023,1500 Hz,RX 00,TX 00,MID,NO,5.0KHz,OFF,OFF,,0
351,439.87500,434.87500,5.0,-RPT,FM,AMS,VK2RAH 7,OFF,88.5 Hz,023,1500 Hz,RX 00,TX 00,MID,NO,5.0KHz,OFF,OFF,,0
352,439.92500,434.92500,5.0,-RPT,FM,AMS,VK1RWP 7,OFF,88.5 Hz,023,1500 Hz,RX 00,TX 00,MID,NO,5.0KHz,OFF,OFF,,0
353,439.92500,434.92500,5.0,-RPT,FM,AMS,VK2RAF 7,OFF,88.5 Hz,023,1500 Hz,RX 00,TX 00,MID,NO,5.0KHz,OFF,OFF,,0
354,439.97500,434.97500,5.0,-RPT,FM,AMS,VK1RWP 7,OFF,88.5 Hz,023,1500 Hz,RX 00,TX 00,MID,NO,5.0KHz,OFF,OFF,,0
355,438.02500,433.02500,5.0,-RPT,FM,AMS,MntCan 7,OFF,88.5 Hz,023,1500 Hz,RX 00,TX 00,MID,NO,5.0KHz,OFF,OFF,,0
356,438.60000,431.60000,7.0,-RPT,FM,AMS,VK3RWO 7,TONE,123.0 Hz,023,1500 Hz,RX 00,TX 00,MID,NO,5.0KHz,OFF,OFF,,0
357,439.42500,434.42500,5.0,-RPT,FM,AMS,BigBen 7,OFF,88.5 Hz,023,1500 Hz,RX 00,TX 00,MID,NO,5.0KHz,OFF,OFF,,0
358,438.52500,433.52500,5.0,-RPT,FM,AMS,VK3RNU 7,OFF,88.5 Hz,023,1500 Hz,RX 00,TX 00,MID,NO,5.0KHz,OFF,OFF,,0
359,438.37500,433.37500,5.0,-RPT,FM,AMS,Hotham 7,OFF,88.5 Hz,023,1500 Hz,RX 00,TX 00,MID,NO,5.0KHz,OFF,OFF,,0
360,439.52500,434.52500,5.0,-RPT,FM,AMS,MntTay 7,OFF,88.5 Hz,023,1500 Hz,RX 00,TX 00,MID,NO,5.0KHz,OFF,OFF,,0
361,439.67500,434.67500,5.0,-RPT,FM,AMS,VK3RZU 7,OFF,88.5 Hz,023,1500 Hz,RX 00,TX 00,MID,NO,5.0KHz,OFF,OFF,,0
362,438.07500,433.07500,5.0,-RPT,FM,AMS,Major  7,OFF,88.5 Hz,023,1500 Hz,RX 00,TX 00,MID,NO,5.0KHz,OFF,OFF,,0
363,439.87500,434.87500,5.0,-RPT,FM,AMS,Major  7,OFF,88.5 Hz,023,1500 Hz,RX 00,TX 00,MID,NO,5.0KHz,OFF,OFF,,0
364,438.12500,433.12500,5.0,-RPT,FM,AMS,VK3RLE 7,OFF,88.5 Hz,023,1500 Hz,RX 00,TX 00,MID,NO,5.0KHz,OFF,OFF,,0
365,438.65000,431.65000,7.0,-RPT,FM,AMS,Wombat 7,TONE,123.0 Hz,023,1500 Hz,RX 00,TX 00,MID,NO,5.0KHz,OFF,OFF,,0
366,438.17500,433.17500,5.0,-RPT,FM,AMS,VK3RUG 7,OFF,88.5 Hz,023,1500 Hz,RX 00,TX 00,MID,NO,5.0KHz,OFF,OFF,,0
367,438.37500,433.37500,5.0,-RPT,FM,AMS,BawSq  7,OFF,88.5 Hz,023,1500 Hz,RX 00,TX 00,MID,NO,5.0KHz,OFF,OFF,,0
368,439.35000,434.35000,5.0,-RPT,FM,AMS,Caveat 7,TONE,91.5 Hz,023,1500 Hz,RX 00,TX 00,MID,NO,5.0KHz,OFF,OFF,,0
369,439.95000,434.95000,5.0,-RPT,FM,AMS,VK3RMG 7,OFF,88.5 Hz,023,1500 Hz,RX 00,TX 00,MID,NO,5.0KHz,OFF,OFF,,0
370,439.95000,434.95000,5.0,-RPT,FM,AMS,VK3RYN 7,TONE,91.5 Hz,023,1500 Hz,RX 00,TX 00,MID,NO,5.0KHz,OFF,OFF,,0
371,438.37500,433.37500,5.0,-RPT,FM,AMS,Tassie 7,OFF,88.5 Hz,023,1500 Hz,RX 00,TX 00,MID,NO,5.0KHz,OFF,OFF,,0
372,439.55000,434.55000,5.0,-RPT,FM,AMS,VK3RSB 7,TONE,91.5 Hz,023,1500 Hz,RX 00,TX 00,MID,NO,5.0KHz,OFF,OFF,,0
373,439.80000,434.80000,5.0,-RPT,FM,AMS,StLeo  7,OFF,88.5 Hz,023,1500 Hz,RX 00,TX 00,MID,NO,5.0KHz,OFF,OFF,,0
374,438.18750,432.78750,5.4,-RPT,FM,AMS,VK3RCD 7,OFF,88.5 Hz,023,1500 Hz,RX 00,TX 00,MID,NO,5.0KHz,OFF,OFF,,0
375,439.45000,434.45000,5.0,-RPT,FM,AMS,KLake  7,TONE,91.5 Hz,023,1500 Hz,RX 00,TX 00,MID,NO,5.0KHz,OFF,OFF,,0
376,439.30000,434.30000,5.0,-RPT,FM,AMS,Briart 7,OFF,88.5 Hz,023,1500 Hz,RX 00,TX 00,MID,NO,5.0KHz,OFF,OFF,,0
377,438.57500,431.57500,7.0,-RPT,FM,AMS,VK3RWD 7,TONE,91.5 Hz,023,1500 Hz,RX 00,TX 00,MID,NO,5.0KHz,OFF,OFF,,0
378,438.37500,433.37500,5.0,-RPT,FM,AMS,VK3RGS 7,OFF,88.5 Hz,023,1500 Hz,RX 00,TX 00,MID,NO,5.0KHz,OFF,OFF,,0
379,438.32500,433.32500,5.0,-RPT,FM,AMS,KangGd 7,TONE,91.5 Hz,023,1500 Hz,RX 00,TX 00,MID,NO,5.0KHz,OFF,OFF,,0
380,439.65000,434.65000,5.0,-RPT,FM,AMS,VK3RSA 7,TONE,91.5 Hz,023,1500 Hz,RX 00,TX 00,MID,NO,5.0KHz,OFF,OFF,,0
381,438.22500,433.22500,5.0,-RPT,FM,AMS,Olind2 7,TONE,91.5 Hz,023,1500 Hz,RX 00,TX 00,MID,NO,5.0KHz,OFF,OFF,,0
382,438.75000,433.75000,5.0,-RPT,FM,AMS,VK3RHF 7,TONE,88.5 Hz,023,1500 Hz,RX 00,TX 00,MID,NO,5.0KHz,OFF,OFF,,0
383,439.62500,434.62500,5.0,-RPT,FM,AMS,VK3RBY 7,TONE,88.5 Hz,023,1500 Hz,RX 00,TX 00,MID,NO,5.0KHz,OFF,OFF,,0
384,439.75000,434.75000,5.0,-RPT,FM,AMS,Upwey  7,TONE,91.5 Hz,023,1500 Hz,RX 00,TX 00,MID,NO,5.0KHz,OFF,OFF,,0
385,438.52500,431.52500,7.0,-RPT,FM,AMS,VK3RAD 7,TONE,123.0 Hz,023,1500 Hz,RX 00,TX 00,MID,NO,5.0KHz,OFF,OFF,,0
386,439.37500,434.37500,5.0,-RPT,FM,AMS,VK3RMC 7,OFF,88.5 Hz,023,1500 Hz,RX 00,TX 00,MID,NO,5.0KHz,OFF,OFF,,0
387,439.87500,434.87500,5.0,-RPT,FM,AMS,VK3RMC 7,OFF,88.5 Hz,023,1500 Hz,RX 00,TX 00,MID,NO,5.0KHz,OFF,OFF,,0
388,439.90000,434.90000,5.0,-RPT,FM,AMS,VK3RSE 7,OFF,88.5 Hz,023,1500 Hz,RX 00,TX 00,MID,NO,5.0KHz,OFF,OFF,,0
389,439.60000,434.60000,5.0,-RPT,FM,AMS,VK3RDX 7,TONE,91.5 Hz,023,1500 Hz,RX 00,TX 00,MID,NO,5.0KHz,OFF,OFF,,0
390,438.02500,433.02500,5.0,-RPT,FM,AMS,VK3RBO 7,OFF,88.5 Hz,023,1500 Hz,RX 00,TX 00,MID,NO,5.0KHz,OFF,OFF,,0
391,438.42500,431.42500,7.0,-RPT,FM,AMS,Cborn  7,TONE,91.5 Hz,023,1500 Hz,RX 00,TX 00,MID,NO,5.0KHz,OFF,OFF,,0
392,439.70000,434.70000,5.0,-RPT,FM,AMS,RdlsCk 7,TONE,91.5 Hz,023,1500 Hz,RX 00,TX 00,MID,NO,5.0KHz,OFF,OFF,,0
393,438.02500,433.02500,5.0,-RPT,FM,AMS,VK3RCC 7,TONE,91.5 Hz,023,1500 Hz,RX 00,TX 00,MID,NO,5.0KHz,OFF,OFF,,0
394,438.87500,431.87500,7.0,-RPT,FM,AMS,VK3RHF 7,TONE,88.5 Hz,023,1500 Hz,RX 00,TX 00,MID,NO,5.0KHz,OFF,OFF,,0
395,439.82500,434.82500,5.0,-RPT,FM,AMS,Macdon 7,TONE,91.5 Hz,023,1500 Hz,RX 00,TX 00,MID,NO,5.0KHz,OFF,OFF,,0
396,439.32500,434.32500,5.0,-RPT,FM,AMS,GreenH 7,TONE,91.5 Hz,023,1500 Hz,RX 00,TX 00,MID,NO,5.0KHz,OFF,OFF,,0
397,438.60000,431.60000,7.0,-RPT,FM,AMS,VK3RVZ 7,TONE,123.0 Hz,023,1500 Hz,RX 00,TX 00,MID,NO,5.0KHz,OFF,OFF,,0
398,438.40000,433.40000,5.0,-RPT,FM,AMS,Hillsd 7,TONE,91.5 Hz,023,1500 Hz,RX 00,TX 00,MID,NO,5.0KHz,OFF,OFF,,0
399,438.45000,433.45000,5.0,-RPT,FM,AMS,VK3RBW 7,TONE,91.5 Hz,023,1500 Hz,RX 00,TX 00,MID,NO,5.0KHz,OFF,OFF,,0
400,438.50000,433.50000,5.0,-RPT,FM,AMS,VK3RLP 7,TONE,91.5 Hz,023,1500 Hz,RX 00,TX 00,MID,NO,5.0KHz,OFF,OFF,,0
401,438.70000,433.70000,5.0,-RPT,FM,AMS,VK3RBM 7,TONE,91.5 Hz,023,1500 Hz,RX 00,TX 00,MID,NO,5.0KHz,OFF,OFF,,0
402,438.15000,433.15000,5.0,-RPT,FM,AMS,VK3RIR 7,TONE,91.5 Hz,023,1500 Hz,RX 00,TX 00,MID,NO,5.0KHz,OFF,OFF,,0
403,439.85000,434.85000,5.0,-RPT,FM,AMS,VK3RPU 7,TONE,91.5 Hz,023,1500 Hz,RX 00,TX 00,MID,NO,5.0KHz,OFF,OFF,,0
404,438.35000,433.35000,5.0,-RPT,FM,AMS,VK3RCU 7,TONE,91.5 Hz,023,1500 Hz,RX 00,TX 00,MID,NO,5.0KHz,OFF,OFF,,0
405,438.42500,433.42500,5.0,-RPT,FM,AMS,VK3RCU 7,OFF,88.5 Hz,023,1500 Hz,RX 00,TX 00,MID,NO,5.0KHz,OFF,OFF,,0
406,438.47500,431.47500,7.0,-RPT,FM,AMS,VK3RBU 7,TONE,91.5 Hz,023,1500 Hz,RX 00,TX 00,MID,NO,5.0KHz,OFF,OFF,,0
407,438.17500,431.17500,7.0,-RPT,FM,AMS,VK3RBH 7,TONE,91.5 Hz,023,1500 Hz,RX 00,TX 00,MID,NO,5.0KHz,OFF,OFF,,0
408,439.27500,434.27500,5.0,-RPT,FM,AMS,Bunyng 7,TONE,91.5 Hz,023,1500 Hz,RX 00,TX 00,MID,NO,5.0KHz,OFF,OFF,,0
409,439.57500,434.57500,5.0,-RPT,FM,AMS,MoPell 7,TONE,91.5 Hz,023,1500 Hz,RX 00,TX 00,MID,NO,5.0KHz,OFF,OFF,,0
410,438.02500,433.02500,5.0,-RPT,FM,AMS,VK3RCP 7,OFF,88.5 Hz,023,1500 Hz,RX 00,TX 00,MID,NO,5.0KHz,OFF,OFF,,0
411,438.12500,431.12500,7.0,-RPT,FM,AMS,VK3RTA 7,OFF,88.5 Hz,023,1500 Hz,RX 00,TX 00,MID,NO,5.0KHz,OFF,OFF,,0
412,438.52500,433.52500,5.0,-RPT,FM,AMS,VK3RRU 7,OFF,88.5 Hz,023,1500 Hz,RX 00,TX 00,MID,NO,5.0KHz,OFF,OFF,,0
413,438.67500,433.67500,5.0,-RPT,FM,AMS,VK3RWU 7,TONE,91.5 Hz,023,1500 Hz,RX 00,TX 00,MID,NO,5.0KHz,OFF,OFF,,0
414,439.70000,434.70000,5.0,-RPT,FM,AMS,VK3RBP 7,TONE,91.5 Hz,023,1500 Hz,RX 00,TX 00,MID,NO,5.0KHz,OFF,OFF,,0
415,439.82500,434.82500,5.0,-RPT,FM,AMS,VK3RBL 7,OFF,88.5 Hz,023,1500 Hz,RX 00,TX 00,MID,NO,5.0KHz,OFF,OFF,,0
416,439.87500,434.87500,5.0,-RPT,FM,AMS,Warnum 7,TONE,91.5 Hz,023,1500 Hz,RX 00,TX 00,MID,NO,5.0KHz,OFF,OFF,,0
417,439.95000,434.95000,5.0,-RPT,FM,AMS,Portld 7,TONE,91.5 Hz,023,1500 Hz,RX 00,TX 00,MID,NO,5.0KHz,OFF,OFF,,0
418,438.27500,433.27500,5.0,-RPT,FM,AMS,VK3RPW 7,OFF,88.5 Hz,023,1500 Hz,RX 00,TX 00,MID,NO,5.0KHz,OFF,OFF,,0
419,438.27500,433.27500,5.0,-RPT,FM,AMS,VK3RWE 7,OFF,88.5 Hz,023,1500 Hz,RX 00,TX 00,MID,NO,5.0KHz,OFF,OFF,,0
420,438.27500,433.27500,5.0,-RPT,FM,AMS,VK3RWI 7,OFF,88.5 Hz,023,1500 Hz,RX 00,TX 00,MID,NO,5.0KHz,OFF,OFF,,0
421,438.27500,433.27500,5.0,-RPT,FM,AMS,VK3RWR 7,OFF,88.5 Hz,023,1500 Hz,RX 00,TX 00,MID,NO,5.0KHz,OFF,OFF,,0
422,438.62500,433.62500,5.0,-RPT,FM,AMS,VK3RPW 7,OFF,88.5 Hz,023,1500 Hz,RX 00,TX 00,MID,NO,5.0KHz,OFF,OFF,,0
423,438.62500,433.62500,5.0,-RPT,FM,AMS,VK3RWE 7,OFF,88.5 Hz,023,1500 Hz,RX 00,TX 00,MID,NO,5.0KHz,OFF,OFF,,0
424,438.62500,433.62500,5.0,-RPT,FM,AMS,VK3RWI 7,OFF,88.5 Hz,023,1500 Hz,RX 00,TX 00,MID,NO,5.0KHz,OFF,OFF,,0
425,438.62500,433.62500,5.0,-RPT,FM,AMS,VK3RWP 7,OFF,88.5 Hz,023,1500 Hz,RX 00,TX 00,MID,NO,5.0KHz,OFF,OFF,,0
426,438.62500,433.62500,5.0,-RPT,FM,AMS,VK3RWR 7,OFF,88.5 Hz,023,1500 Hz,RX 00,TX 00,MID,NO,5.0KHz,OFF,OFF,,0
427,439.42500,434.42500,5.0,-RPT,FM,AMS,VK3RSV 7,TONE,91.5 Hz,023,1500 Hz,RX 00,TX 00,MID,NO,5.0KHz,OFF,OFF,,0
428,439.92500,434.92500,5.0,-RPT,FM,AMS,VK3RWP 7,OFF,88.5 Hz,023,1500 Hz,RX 00,TX 00,MID,NO,5.0KHz,OFF,OFF,,0
429,439.97500,434.97500,5.0,-RPT,FM,AMS,VK3RSS 7,OFF,88.5 Hz,023,1500 Hz,RX 00,TX 00,MID,NO,5.0KHz,OFF,OFF,,0
430,439.97500,434.97500,5.0,-RPT,FM,AMS,VK3RWP 7,OFF,88.5 Hz,023,1500 Hz,RX 00,TX 00,MID,NO,5.0KHz,OFF,OFF,,0
431,438.60000,433.60000,5.0,-RPT,FM,AMS,VK4RGC 7,TONE,91.5 Hz,023,1500 Hz,RX 00,TX 00,MID,NO,5.0KHz,OFF,OFF,,0
432,438.10000,433.10000,5.0,-RPT,FM,AMS,VK4RZA 7,TONE,91.5 Hz,023,1500 Hz,RX 00,TX 00,MID,NO,5.0KHz,OFF,OFF,,0
433,439.87500,434.87500,5.0,-RPT,FM,AMS,VK4RLU 7,TONE,91.5 Hz,023,1500 Hz,RX 00,TX 00,MID,NO,5.0KHz,OFF,OFF,,0
434,439.27500,434.27500,5.0,-RPT,FM,AMS,VK4RDD 7,TONE,91.5 Hz,023,1500 Hz,RX 00,TX 00,MID,NO,5.0KHz,OFF,OFF,,0
435,439.82500,434.82500,5.0,-RPT,FM,AMS,VK4RBT 7,TONE,91.5 Hz,023,1500 Hz,RX 00,TX 00,MID,NO,5.0KHz,OFF,OFF,,0
436,438.50000,433.50000,5.0,-RPT,FM,AMS,VK4RLW 7,TONE,91.5 Hz,023,1500 Hz,RX 00,TX 00,MID,NO,5.0KHz,OFF,OFF,,0
437,439.30000,434.30000,5.0,-RPT,FM,AMS,VK4RSM 7,TONE,91.5 Hz,023,1500 Hz,RX 00,TX 00,MID,NO,5.0KHz,OFF,OFF,,0
438,438.02500,433.02500,5.0,-RPT,FM,AMS,VK4RTQ 7,TONE,91.5 Hz,023,1500 Hz,RX 00,TX 00,MID,NO,5.0KHz,OFF,OFF,,0
439,438.37500,433.37500,5.0,-RPT,FM,AMS,VK4RWM 7,TONE,91.5 Hz,023,1500 Hz,RX 00,TX 00,MID,NO,5.0KHz,OFF,OFF,,0
440,439.92500,434.92500,5.0,-RPT,FM,AMS,VK4RWM 7,TONE,91.5 Hz,023,1500 Hz,RX 00,TX 00,MID,NO,5.0KHz,OFF,OFF,,0
441,438.75000,433.75000,5.0,-RPT,FM,AMS,VK4RLB 7,OFF,88.5 Hz,023,1500 Hz,RX 00,TX 00,MID,NO,5.0KHz,OFF,OFF,,0
442,438.42500,433.42500,5.0,-RPT,FM,AMS,VK4RBX 7,TONE,123.0 Hz,023,1500 Hz,RX 00,TX 00,MID,NO,5.0KHz,OFF,OFF,,0
443,439.32500,434.32500,5.0,-RPT,FM,AMS,VK4RAI 7,TONE,91.5 Hz,023,1500 Hz,RX 00,TX 00,MID,NO,5.0KHz,OFF,OFF,,0
444,438.05000,433.05000,5.0,-RPT,FM,AMS,VK4RZD 7,TONE,91.5 Hz,023,1500 Hz,RX 00,TX 00,MID,NO,5.0KHz,OFF,OFF,,0
445,439.95000,434.95000,5.0,-RPT,FM,AMS,VK4RBA 7,TONE,123.0 Hz,023,1500 Hz,RX 00,TX 00,MID,NO,5.0KHz,OFF,OFF,,0
446,438.20000,433.20000,5.0,-RPT,FM,AMS,VK4RZB 7,TONE,91.5 Hz,023,1500 Hz,RX 00,TX 00,MID,NO,5.0KHz,OFF,OFF,,0
447,439.30000,434.30000,5.0,-RPT,FM,AMS,VK4RBQ 7,OFF,88.5 Hz,023,1500 Hz,RX 00,TX 00,MID,NO,5.0KHz,OFF,OFF,,0
448,439.97500,434.97500,5.0,-RPT,FM,AMS,VK4RMC 7,TONE,91.5 Hz,023,1500 Hz,RX 00,TX 00,MID,NO,5.0KHz,OFF,OFF,,0
449,438.57500,433.57500,5.0,-RPT,FM,AMS,VK4RSS 7,TONE,91.5 Hz,023,1500 Hz,RX 00,TX 00,MID,NO,5.0KHz,OFF,OFF,,0
450,438.32500,433.32500,5.0,-RPT,FM,AMS,VK4RRC 7,TONE,91.5 Hz,023,1500 Hz,RX 00,TX 00,MID,NO,5.0KHz,OFF,OFF,,0
451,438.65000,433.65000,5.0,-RPT,FM,AMS,VK4REG 7,TONE,91.5 Hz,023,1500 Hz,RX 00,TX 00,MID,NO,5.0KHz,OFF,OFF,,0
452,438.70000,433.70000,5.0,-RPT,FM,AMS,VK4RET 7,TONE,91.5 Hz,023,1500 Hz,RX 00,TX 00,MID,NO,5.0KHz,OFF,OFF,,0
453,438.12500,433.12500,5.0,-RPT,FM,AMS,VK4RZC 7,TONE,91.5 Hz,023,1500 Hz,RX 00,TX 00,MID,NO,5.0KHz,OFF,OFF,,0
454,438.07500,433.07500,5.0,-RPT,FM,AMS,VK4RSC 7,TONE,91.5 Hz,023,1500 Hz,RX 00,TX 00,MID,NO,5.0KHz,OFF,OFF,,0
455,439.90000,434.90000,5.0,-RPT,FM,AMS,VK4RXZ 7,OFF,88.5 Hz,023,1500 Hz,RX 00,TX 00,MID,NO,5.0KHz,OFF,OFF,,0
456,438.62500,433.62500,5.0,-RPT,FM,AMS,VK4RAG 7,OFF,88.5 Hz,023,1500 Hz,RX 00,TX 00,MID,NO,5.0KHz,OFF,OFF,,0
457,438.17500,433.17500,5.0,-RPT,FM,AMS,VK4RSL 7,TONE,91.5 Hz,023,1500 Hz,RX 00,TX 00,MID,NO,5.0KHz,OFF,OFF,,0
458,439.95000,434.95000,5.0,-RPT,FM,AMS,Gympie 7,OFF,88.5 Hz,023,1500 Hz,RX 00,TX 00,MID,NO,5.0KHz,OFF,OFF,,0
459,438.77500,433.77500,5.0,-RPT,FM,AMS,MtGoon 7,OFF,88.5 Hz,023,1500 Hz,RX 00,TX 00,MID,NO,5.0KHz,OFF,OFF,,0
460,439.37500,434.37500,5.0,-RPT,FM,AMS,VK4RNL 7,OFF,88.5 Hz,023,1500 Hz,RX 00,TX 00,MID,NO,5.0KHz,OFF,OFF,,0
461,439.77500,434.77500,5.0,-RPT,FM,AMS,BundaN 7,OFF,88.5 Hz,023,1500 Hz,RX 00,TX 00,MID,NO,5.0KHz,OFF,OFF,,0
462,439.87500,434.87500,5.0,-RPT,FM,AMS,VK4RCQ 7,OFF,88.5 Hz,023,1500 Hz,RX 00,TX 00,MID,NO,5.0KHz,OFF,OFF,,0
463,438.05000,433.05000,5.0,-RPT,FM,AMS,VK4RGT 7,OFF,88.5 Hz,023,1500 Hz,RX 00,TX 00,MID,NO,5.0KHz,OFF,OFF,,0
464,438.65000,433.65000,5.0,-RPT,FM,AMS,VK4RWN 7,TONE,91.5 Hz,023,1500 Hz,RX 00,TX 00,MID,NO,5.0KHz,OFF,OFF,,0
465,439.80000,434.80000,5.0,-RPT,FM,AMS,VK4RGL 7,TONE,91.5 Hz,023,1500 Hz,RX 00,TX 00,MID,NO,5.0KHz,OFF,OFF,,0
466,438.22500,433.22500,5.0,-RPT,FM,AMS,VK4RAR 7,TONE,91.5 Hz,023,1500 Hz,RX 00,TX 00,MID,NO,5.0KHz,OFF,OFF,,0
467,439.75000,434.75000,5.0,-RPT,FM,AMS,VK4RBF 7,TONE,91.5 Hz,023,1500 Hz,RX 00,TX 00,MID,NO,5.0KHz,OFF,OFF,,0
468,438.50000,433.50000,5.0,-RPT,FM,AMS,VK4RHR 7,OFF,88.5 Hz,023,1500 Hz,RX 00,TX 00,MID,NO,5.0KHz,OFF,OFF,,0
469,438.67500,433.67500,5.0,-RPT,FM,AMS,VK4RWS 7,TONE,91.5 Hz,023,1500 Hz,RX 00,TX 00,MID,NO,5.0KHz,OFF,OFF,,0
470,439.30000,434.30000,5.0,-RPT,FM,AMS,VK4RBM 7,OFF,88.5 Hz,023,1500 Hz,RX 00,TX 00,MID,NO,5.0KHz,OFF,OFF,,0
471,439.62500,434.62500,5.0,-RPT,FM,AMS,VK4RSA 7,OFF,88.5 Hz,023,1500 Hz,RX 00,TX 00,MID,NO,5.0KHz,OFF,OFF,,0
472,438.22500,433.22500,5.0,-RPT,FM,AMS,VK4RAT 7,TONE,91.5 Hz,023,1500 Hz,RX 00,TX 00,MID,NO,5.0KHz,OFF,OFF,,0
473,438.22500,432.82500,5.4,-RPT,FM,AMS,VK4RPH 7,TONE,123.0 Hz,023,1500 Hz,RX 00,TX 00,MID,NO,5.0KHz,OFF,OFF,,0
474,439.95000,434.95000,5.0,-RPT,FM,AMS,VK4RSD 7,OFF,88.5 Hz,023,1500 Hz,RX 00,TX 00,MID,NO,5.0KHz,OFF,OFF,,0
475,439.90000,434.90000,5.0,-RPT,FM,AMS,VK4RBK 7,OFF,88.5 Hz,023,1500 Hz,RX 00,TX 00,MID,NO,5.0KHz,OFF,OFF,,0
476,439.85000,434.85000,5.0,-RPT,FM,AMS,VK4RCA 7,OFF,88.5 Hz,023,1500 Hz,RX 00,TX 00,MID,NO,5.0KHz,OFF,OFF,,0
477,438.27500,433.27500,5.0,-RPT,FM,AMS,VK4RBR 7,OFF,88.5 Hz,023,1500 Hz,RX 00,TX 00,MID,NO,5.0KHz,OFF,OFF,,0
478,438.62500,433.62500,5.0,-RPT,FM,AMS,VK4RWI 7,OFF,88.5 Hz,023,1500 Hz,RX 00,TX 00,MID,NO,5.0KHz,OFF,OFF,,0
479,439.72500,434.72500,5.0,-RPT,FM,AMS,VK4RBS 7,TONE,91.5 Hz,023,1500 Hz,RX 00,TX 00,MID,NO,5.0KHz,OFF,OFF,,0
480,439.75000,434.75000,5.0,-RPT,FM,AMS,VK4RMA 7,TONE,91.5 Hz,023,1500 Hz,RX 00,TX 00,MID,NO,5.0KHz,OFF,OFF,,0
481,439.80000,434.80000,5.0,-RPT,FM,AMS,VK5RBV 7,OFF,88.5 Hz,023,1500 Hz,RX 00,TX 00,MID,NO,5.0KHz,OFF,OFF,,0
482,439.87500,434.87500,5.0,-RPT,FM,AMS,VK5RHO 7,OFF,88.5 Hz,023,1500 Hz,RX 00,TX 00,MID,NO,5.0KHz,OFF,OFF,,0
483,439.90000,434.90000,5.0,-RPT,FM,AMS,Sumtwn 7,TONE,91.5 Hz,023,1500 Hz,RX 00,TX 00,MID,NO,5.0KHz,OFF,OFF,,0
484,439.92500,434.92500,5.0,-RPT,FM,AMS,VK5RAD 7,OFF,88.5 Hz,023,1500 Hz,RX 00,TX 00,MID,NO,5.0KHz,OFF,OFF,,0
485,439.97500,434.97500,5.0,-RPT,FM,AMS,VK5RLZ 7,TONE,91.5 Hz,023,1500 Hz,RX 00,TX 00,MID,NO,5.0KHz,OFF,OFF,,0
486,438.52500,433.52500,5.0,-RPT,FM,AMS,VictrH 7,TONE,91.5 Hz,023,1500 Hz,RX 00,TX 00,MID,NO,5.0KHz,OFF,OFF,,0
487,438.02500,433.02500,5.0,-RPT,FM,AMS,AdlCty 7,OFF,88.5 Hz,023,1500 Hz,RX 00,TX 00,MID,NO,5.0KHz,OFF,OFF,,0
488,439.82500,434.82500,5.0,-RPT,FM,AMS,VK5RSC 7,TONE,91.5 Hz,023,1500 Hz,RX 00,TX 00,MID,NO,5.0KHz,OFF,OFF,,0
489,439.95000,434.95000,5.0,-RPT,FM,AMS,VK5ROC 7,OFF,88.5 Hz,023,1500 Hz,RX 00,TX 00,MID,NO,5.0KHz,OFF,OFF,,0
490,438.50000,431.50000,7.0,-RPT,FM,AMS,VK5RMN 7,OFF,88.5 Hz,023,1500 Hz,RX 00,TX 00,MID,NO,5.0KHz,OFF,OFF,,0
491,438.32500,433.32500,5.0,-RPT,FM,AMS,VK5RCT 7,TONE,91.5 Hz,023,1500 Hz,RX 00,TX 00,MID,NO,5.0KHz,OFF,OFF,,0
492,439.85000,434.85000,5.0,-RPT,FM,AMS,VK5RAC 7,OFF,88.5 Hz,023,1500 Hz,RX 00,TX 00,MID,NO,5.0KHz,OFF,OFF,,0
493,438.20000,433.20000,5.0,-RPT,FM,AMS,VK5RBP 7,OFF,88.5 Hz,023,1500 Hz,RX 00,TX 00,MID,NO,5.0KHz,OFF,OFF,,0
494,439.82500,434.82500,5.0,-RPT,FM,AMS,MtgUHF 7,OFF,88.5 Hz,023,1500 Hz,RX 00,TX 00,MID,NO,5.0KHz,OFF,OFF,,0
495,438.20000,432.80000,5.4,-RPT,FM,AMS,VK6RRR 7,OFF,88.5 Hz,023,1500 Hz,RX 00,TX 00,MID,NO,5.0KHz,OFF,OFF,,0
496,439.95000,434.95000,5.0,-RPT,FM,AMS,Albany 7,OFF,88.5 Hz,023,1500 Hz,RX 00,TX 00,MID,NO,5.0KHz,OFF,OFF,,0
497,439.95000,434.95000,5.0,-RPT,FM,AMS,MtBark 7,OFF,88.5 Hz,023,1500 Hz,RX 00,TX 00,MID,NO,5.0KHz,OFF,OFF,,0
498,438.52500,433.52500,5.0,-RPT,FM,AMS,VK6RMS 7,OFF,88.5 Hz,023,1500 Hz,RX 00,TX 00,MID,NO,5.0KHz,OFF,OFF,,0
499,438.52500,433.52500,5.0,-RPT,FM,AMS,VK6RAV 7,OFF,88.5 Hz,023,1500 Hz,RX 00,TX 00,MID,NO,5.0KHz,OFF,OFF,,0
500,438.65000,433.65000,5.0,-RPT,FM,AMS,Bunbry 7,TONE,123.0 Hz,023,1500 Hz,RX 00,TX 00,MID,NO,5.0KHz,OFF,OFF,,0
501,439.80000,434.80000,5.0,-RPT,FM,AMS,PerSE1 7,TONE,123.0 Hz,023,1500 Hz,RX 00,TX 00,MID,NO,5.0KHz,OFF,OFF,,0
502,438.22500,433.22500,5.0,-RPT,FM,AMS,PerNE  7,OFF,88.5 Hz,023,1500 Hz,RX 00,TX 00,MID,NO,5.0KHz,OFF,OFF,,0
503,438.67500,433.67500,5.0,-RPT,FM,AMS,Busltn 7,OFF,88.5 Hz,023,1500 Hz,RX 00,TX 00,MID,NO,5.0KHz,OFF,OFF,,0
504,438.72500,433.72500,5.0,-RPT,FM,AMS,VK6RNA 7,TONE,123.0 Hz,023,1500 Hz,RX 00,TX 00,MID,NO,5.0KHz,OFF,OFF,,0
505,439.70000,434.70000,5.0,-RPT,FM,AMS,Rotto  7,OFF,88.5 Hz,023,1500 Hz,RX 00,TX 00,MID,NO,5.0KHz,OFF,OFF,,0
506,438.52500,433.52500,5.0,-RPT,FM,AMS,Cataby 7,OFF,88.5 Hz,023,1500 Hz,RX 00,TX 00,MID,NO,5.0KHz,OFF,OFF,,0
507,438.02500,433.02500,5.0,-RPT,FM,AMS,VK6RPT 7,OFF,88.5 Hz,023,1500 Hz,RX 00,TX 00,MID,NO,5.0KHz,OFF,OFF,,0
508,439.95000,434.95000,5.0,-RPT,FM,AMS,VK6RAR 7,OFF,88.5 Hz,023,1500 Hz,RX 00,TX 00,MID,NO,5.0KHz,OFF,OFF,,0
509,438.05000,433.05000,5.0,-RPT,FM,AMS,VK7RBH 7,OFF,88.5 Hz,023,1500 Hz,RX 00,TX 00,MID,NO,5.0KHz,OFF,OFF,,0
510,439.77500,434.77500,5.0,-RPT,FM,AMS,VK7RDR 7,TONE,91.5 Hz,023,1500 Hz,RX 00,TX 00,MID,NO,5.0KHz,OFF,OFF,,0
511,438.80000,431.80000,7.0,-RPT,FM,AMS,VK7RUN 7,OFF,88.5 Hz,023,1500 Hz,RX 00,TX 00,MID,NO,5.0KHz,OFF,OFF,,0
512,438.82500,431.82500,7.0,-RPT,FM,AMS,VK7RUN 7,OFF,88.5 Hz,023,1500 Hz,RX 00,TX 00,MID,NO,5.0KHz,OFF,OFF,,0
513,438.85000,431.85000,7.0,-RPT,FM,AMS,VK7RUN 7,OFF,88.5 Hz,023,1500 Hz,RX 00,TX 00,MID,NO,5.0KHz,OFF,OFF,,0
514,438.65000,433.65000,5.0,-RPT,FM,AMS,VK7RAC 7,TONE,141.3 Hz,023,1500 Hz,RX 00,TX 00,MID,NO,5.0KHz,OFF,OFF,,0
515,438.60000,433.60000,5.0,-RPT,FM,AMS,VK7RMD 7,TONE,141.3 Hz,023,1500 Hz,RX 00,TX 00,MID,NO,5.0KHz,OFF,OFF,,0
516,439.70000,434.70000,5.0,-RPT,FM,AMS,VK7REC 7,OFF,88.5 Hz,023,1500 Hz,RX 00,TX 00,MID,NO,5.0KHz,OFF,OFF,,0
517,439.90000,434.90000,5.0,-RPT,FM,AMS,VK7RAL 7,TONE,141.3 Hz,023,1500 Hz,RX 00,TX 00,MID,NO,5.0KHz,OFF,OFF,,0
518,438.50000,433.50000,5.0,-RPT,FM,AMS,VK7RIN 7,OFF,88.5 Hz,023,1500 Hz,RX 00,TX 00,MID,NO,5.0KHz,OFF,OFF,,0
519,438.70000,433.70000,5.0,-RPT,FM,AMS,VK7RAK 7,OFF,88.5 Hz,023,1500 Hz,RX 00,TX 00,MID,NO,5.0KHz,OFF,OFF,,0
520,438.55000,433.55000,5.0,-RPT,FM,AMS,VK7RAF 7,OFF,88.5 Hz,023,1500 Hz,RX 00,TX 00,MID,NO,5.0KHz,OFF,OFF,,0
521,438.52500,433.52500,5.0,-RPT,FM,AMS,VK7RCR 7,TONE,91.5 Hz,023,1500 Hz,RX 00,TX 00,MID,NO,5.0KHz,OFF,OFF,,0
522,439.75000,434.75000,5.0,-RPT,FM,AMS,VK7RDS 7,OFF,88.5 Hz,023,1500 Hz,RX 00,TX 00,MID,NO,5.0KHz,OFF,OFF,,0
523,438.55000,433.55000,5.0,-RPT,FM,AMS,VK7RAB 7,OFF,88.5 Hz,023,1500 Hz,RX 00,TX 00,MID,NO,5.0KHz,OFF,OFF,,0
524,438.52500,433.52500,5.0,-RPT,FM,AMS,ASpr70 7,TONE,91.5 Hz,023,1500 Hz,RX 00,TX 00,MID,NO,5.0KHz,OFF,OFF,,0
525,438.72500,431.72500,7.0,-RPT,FM,AMS,VK8RKT 7,TONE,91.5 Hz,023,1500 Hz,RX 00,TX 00,MID,NO,5.0KHz,OFF,OFF,,0
526,438.27500,433.27500,5.0,-RPT,FM,AMS,VK8RDA 7,TONE,91.5 Hz,023,1500 Hz,RX 00,TX 00,MID,NO,5.0KHz,OFF,OFF,,0
527,,,,,,,,,,,,,,,,,,,,0
528,,,,,,,,,,,,,,,,,,,,0
529,,,,,,,,,,,,,,,,,,,,0
530,,,,,,,,,,,,,,,,,,,,0
531,,,,,,,,,,,,,,,,,,,,0
532,,,,,,,,,,,,,,,,,,,,0
533,,,,,,,,,,,,,,,,,,,,0
534,,,,,,,,,,,,,,,,,,,,0
535,,,,,,,,,,,,,,,,,,,,0
536,,,,,,,,,,,,,,,,,,,,0
537,,,,,,,,,,,,,,,,,,,,0
538,,,,,,,,,,,,,,,,,,,,0
539,,,,,,,,,,,,,,,,,,,,0
540,,,,,,,,,,,,,,,,,,,,0
541,,,,,,,,,,,,,,,,,,,,0
542,,,,,,,,,,,,,,,,,,,,0
543,,,,,,,,,,,,,,,,,,,,0
544,,,,,,,,,,,,,,,,,,,,0
545,,,,,,,,,,,,,,,,,,,,0
546,,,,,,,,,,,,,,,,,,,,0
547,,,,,,,,,,,,,,,,,,,,0
548,,,,,,,,,,,,,,,,,,,,0
549,,,,,,,,,,,,,,,,,,,,0
550,,,,,,,,,,,,,,,,,,,,0
551,,,,,,,,,,,,,,,,,,,,0
552,,,,,,,,,,,,,,,,,,,,0
553,,,,,,,,,,,,,,,,,,,,0
554,,,,,,,,,,,,,,,,,,,,0
555,,,,,,,,,,,,,,,,,,,,0
556,,,,,,,,,,,,,,,,,,,,0
557,,,,,,,,,,,,,,,,,,,,0
558,,,,,,,,,,,,,,,,,,,,0
559,,,,,,,,,,,,,,,,,,,,0
560,,,,,,,,,,,,,,,,,,,,0
561,,,,,,,,,,,,,,,,,,,,0
562,,,,,,,,,,,,,,,,,,,,0
563,,,,,,,,,,,,,,,,,,,,0
564,,,,,,,,,,,,,,,,,,,,0
565,,,,,,,,,,,,,,,,,,,,0
566,,,,,,,,,,,,,,,,,,,,0
567,,,,,,,,,,,,,,,,,,,,0
568,,,,,,,,,,,,,,,,,,,,0
569,,,,,,,,,,,,,,,,,,,,0
570,,,,,,,,,,,,,,,,,,,,0
571,,,,,,,,,,,,,,,,,,,,0
572,,,,,,,,,,,,,,,,,,,,0
573,,,,,,,,,,,,,,,,,,,,0
574,,,,,,,,,,,,,,,,,,,,0
575,,,,,,,,,,,,,,,,,,,,0
576,,,,,,,,,,,,,,,,,,,,0
577,,,,,,,,,,,,,,,,,,,,0
578,,,,,,,,,,,,,,,,,,,,0
579,,,,,,,,,,,,,,,,,,,,0
580,,,,,,,,,,,,,,,,,,,,0
581,,,,,,,,,,,,,,,,,,,,0
582,,,,,,,,,,,,,,,,,,,,0
583,,,,,,,,,,,,,,,,,,,,0
584,,,,,,,,,,,,,,,,,,,,0
585,,,,,,,,,,,,,,,,,,,,0
586,,,,,,,,,,,,,,,,,,,,0
587,,,,,,,,,,,,,,,,,,,,0
588,,,,,,,,,,,,,,,,,,,,0
589,,,,,,,,,,,,,,,,,,,,0
590,,,,,,,,,,,,,,,,,,,,0
591,,,,,,,,,,,,,,,,,,,,0
592,,,,,,,,,,,,,,,,,,,,0
593,,,,,,,,,,,,,,,,,,,,0
594,,,,,,,,,,,,,,,,,,,,0
595,,,,,,,,,,,,,,,,,,,,0
596,,,,,,,,,,,,,,,,,,,,0
597,,,,,,,,,,,,,,,,,,,,0
598,,,,,,,,,,,,,,,,,,,,0
599,,,,,,,,,,,,,,,,,,,,0
600,,,,,,,,,,,,,,,,,,,,0
601,,,,,,,,,,,,,,,,,,,,0
602,,,,,,,,,,,,,,,,,,,,0
603,,,,,,,,,,,,,,,,,,,,0
604,,,,,,,,,,,,,,,,,,,,0
605,,,,,,,,,,,,,,,,,,,,0
606,,,,,,,,,,,,,,,,,,,,0
607,,,,,,,,,,,,,,,,,,,,0
608,,,,,,,,,,,,,,,,,,,,0
609,,,,,,,,,,,,,,,,,,,,0
610,,,,,,,,,,,,,,,,,,,,0
611,,,,,,,,,,,,,,,,,,,,0
612,,,,,,,,,,,,,,,,,,,,0
613,,,,,,,,,,,,,,,,,,,,0
614,,,,,,,,,,,,,,,,,,,,0
615,,,,,,,,,,,,,,,,,,,,0
616,,,,,,,,,,,,,,,,,,,,0
617,,,,,,,,,,,,,,,,,,,,0
618,,,,,,,,,,,,,,,,,,,,0
619,,,,,,,,,,,,,,,,,,,,0
620,,,,,,,,,,,,,,,,,,,,0
621,,,,,,,,,,,,,,,,,,,,0
622,,,,,,,,,,,,,,,,,,,,0
623,,,,,,,,,,,,,,,,,,,,0
624,,,,,,,,,,,,,,,,,,,,0
625,,,,,,,,,,,,,,,,,,,,0
626,,,,,,,,,,,,,,,,,,,,0
627,,,,,,,,,,,,,,,,,,,,0
628,,,,,,,,,,,,,,,,,,,,0
629,,,,,,,,,,,,,,,,,,,,0
630,,,,,,,,,,,,,,,,,,,,0
631,,,,,,,,,,,,,,,,,,,,0
632,,,,,,,,,,,,,,,,,,,,0
633,,,,,,,,,,,,,,,,,,,,0
634,,,,,,,,,,,,,,,,,,,,0
635,,,,,,,,,,,,,,,,,,,,0
636,,,,,,,,,,,,,,,,,,,,0
637,,,,,,,,,,,,,,,,,,,,0
638,,,,,,,,,,,,,,,,,,,,0
639,,,,,,,,,,,,,,,,,,,,0
640,,,,,,,,,,,,,,,,,,,,0
641,,,,,,,,,,,,,,,,,,,,0
642,,,,,,,,,,,,,,,,,,,,0
643,,,,,,,,,,,,,,,,,,,,0
644,,,,,,,,,,,,,,,,,,,,0
645,,,,,,,,,,,,,,,,,,,,0
646,,,,,,,,,,,,,,,,,,,,0
647,,,,,,,,,,,,,,,,,,,,0
648,,,,,,,,,,,,,,,,,,,,0
649,,,,,,,,,,,,,,,,,,,,0
650,,,,,,,,,,,,,,,,,,,,0
651,,,,,,,,,,,,,,,,,,,,0
652,,,,,,,,,,,,,,,,,,,,0
653,,,,,,,,,,,,,,,,,,,,0
654,,,,,,,,,,,,,,,,,,,,0
655,,,,,,,,,,,,,,,,,,,,0
656,,,,,,,,,,,,,,,,,,,,0
657,,,,,,,,,,,,,,,,,,,,0
658,,,,,,,,,,,,,,,,,,,,0
659,,,,,,,,,,,,,,,,,,,,0
660,,,,,,,,,,,,,,,,,,,,0
661,,,,,,,,,,,,,,,,,,,,0
662,,,,,,,,,,,,,,,,,,,,0
663,,,,,,,,,,,,,,,,,,,,0
664,,,,,,,,,,,,,,,,,,,,0
665,,,,,,,,,,,,,,,,,,,,0
666,,,,,,,,,,,,,,,,,,,,0
667,,,,,,,,,,,,,,,,,,,,0
668,,,,,,,,,,,,,,,,,,,,0
669,,,,,,,,,,,,,,,,,,,,0
670,,,,,,,,,,,,,,,,,,,,0
671,,,,,,,,,,,,,,,,,,,,0
672,,,,,,,,,,,,,,,,,,,,0
673,,,,,,,,,,,,,,,,,,,,0
674,,,,,,,,,,,,,,,,,,,,0
675,,,,,,,,,,,,,,,,,,,,0
676,,,,,,,,,,,,,,,,,,,,0
677,,,,,,,,,,,,,,,,,,,,0
678,,,,,,,,,,,,,,,,,,,,0
679,,,,,,,,,,,,,,,,,,,,0
680,,,,,,,,,,,,,,,,,,,,0
681,,,,,,,,,,,,,,,,,,,,0
682,,,,,,,,,,,,,,,,,,,,0
683,,,,,,,,,,,,,,,,,,,,0
684,,,,,,,,,,,,,,,,,,,,0
685,,,,,,,,,,,,,,,,,,,,0
686,,,,,,,,,,,,,,,,,,,,0
687,,,,,,,,,,,,,,,,,,,,0
688,,,,,,,,,,,,,,,,,,,,0
689,,,,,,,,,,,,,,,,,,,,0
690,,,,,,,,,,,,,,,,,,,,0
691,,,,,,,,,,,,,,,,,,,,0
692,,,,,,,,,,,,,,,,,,,,0
693,,,,,,,,,,,,,,,,,,,,0
694,,,,,,,,,,,,,,,,,,,,0
695,,,,,,,,,,,,,,,,,,,,0
696,,,,,,,,,,,,,,,,,,,,0
697,,,,,,,,,,,,,,,,,,,,0
698,,,,,,,,,,,,,,,,,,,,0
699,,,,,,,,,,,,,,,,,,,,0
700,,,,,,,,,,,,,,,,,,,,0
701,,,,,,,,,,,,,,,,,,,,0
702,,,,,,,,,,,,,,,,,,,,0
703,,,,,,,,,,,,,,,,,,,,0
704,,,,,,,,,,,,,,,,,,,,0
705,,,,,,,,,,,,,,,,,,,,0
706,,,,,,,,,,,,,,,,,,,,0
707,,,,,,,,,,,,,,,,,,,,0
708,,,,,,,,,,,,,,,,,,,,0
709,,,,,,,,,,,,,,,,,,,,0
710,,,,,,,,,,,,,,,,,,,,0
711,,,,,,,,,,,,,,,,,,,,0
712,,,,,,,,,,,,,,,,,,,,0
713,,,,,,,,,,,,,,,,,,,,0
714,,,,,,,,,,,,,,,,,,,,0
715,,,,,,,,,,,,,,,,,,,,0
716,,,,,,,,,,,,,,,,,,,,0
717,,,,,,,,,,,,,,,,,,,,0
718,,,,,,,,,,,,,,,,,,,,0
719,,,,,,,,,,,,,,,,,,,,0
720,,,,,,,,,,,,,,,,,,,,0
721,,,,,,,,,,,,,,,,,,,,0
722,,,,,,,,,,,,,,,,,,,,0
723,,,,,,,,,,,,,,,,,,,,0
724,,,,,,,,,,,,,,,,,,,,0
725,,,,,,,,,,,,,,,,,,,,0
726,,,,,,,,,,,,,,,,,,,,0
727,,,,,,,,,,,,,,,,,,,,0
728,,,,,,,,,,,,,,,,,,,,0
729,,,,,,,,,,,,,,,,,,,,0
730,,,,,,,,,,,,,,,,,,,,0
731,,,,,,,,,,,,,,,,,,,,0
732,,,,,,,,,,,,,,,,,,,,0
733,,,,,,,,,,,,,,,,,,,,0
734,,,,,,,,,,,,,,,,,,,,0
735,,,,,,,,,,,,,,,,,,,,0
736,,,,,,,,,,,,,,,,,,,,0
737,,,,,,,,,,,,,,,,,,,,0
738,,,,,,,,,,,,,,,,,,,,0
739,,,,,,,,,,,,,,,,,,,,0
740,,,,,,,,,,,,,,,,,,,,0
741,,,,,,,,,,,,,,,,,,,,0
742,,,,,,,,,,,,,,,,,,,,0
743,,,,,,,,,,,,,,,,,,,,0
744,,,,,,,,,,,,,,,,,,,,0
745,,,,,,,,,,,,,,,,,,,,0
746,,,,,,,,,,,,,,,,,,,,0
747,,,,,,,,,,,,,,,,,,,,0
748,,,,,,,,,,,,,,,,,,,,0
749,,,,,,,,,,,,,,,,,,,,0
750,,,,,,,,,,,,,,,,,,,,0
751,,,,,,,,,,,,,,,,,,,,0
752,,,,,,,,,,,,,,,,,,,,0
753,,,,,,,,,,,,,,,,,,,,0
754,,,,,,,,,,,,,,,,,,,,0
755,,,,,,,,,,,,,,,,,,,,0
756,,,,,,,,,,,,,,,,,,,,0
757,,,,,,,,,,,,,,,,,,,,0
758,,,,,,,,,,,,,,,,,,,,0
759,,,,,,,,,,,,,,,,,,,,0
760,,,,,,,,,,,,,,,,,,,,0
761,,,,,,,,,,,,,,,,,,,,0
762,,,,,,,,,,,,,,,,,,,,0
763,,,,,,,,,,,,,,,,,,,,0
764,,,,,,,,,,,,,,,,,,,,0
765,,,,,,,,,,,,,,,,,,,,0
766,,,,,,,,,,,,,,,,,,,,0
767,,,,,,,,,,,,,,,,,,,,0
768,,,,,,,,,,,,,,,,,,,,0
769,,,,,,,,,,,,,,,,,,,,0
770,,,,,,,,,,,,,,,,,,,,0
771,,,,,,,,,,,,,,,,,,,,0
772,,,,,,,,,,,,,,,,,,,,0
773,,,,,,,,,,,,,,,,,,,,0
774,,,,,,,,,,,,,,,,,,,,0
775,,,,,,,,,,,,,,,,,,,,0
776,,,,,,,,,,,,,,,,,,,,0
777,,,,,,,,,,,,,,,,,,,,0
778,,,,,,,,,,,,,,,,,,,,0
779,,,,,,,,,,,,,,,,,,,,0
780,,,,,,,,,,,,,,,,,,,,0
781,,,,,,,,,,,,,,,,,,,,0
782,,,,,,,,,,,,,,,,,,,,0
783,,,,,,,,,,,,,,,,,,,,0
784,,,,,,,,,,,,,,,,,,,,0
785,,,,,,,,,,,,,,,,,,,,0
786,,,,,,,,,,,,,,,,,,,,0
787,,,,,,,,,,,,,,,,,,,,0
788,,,,,,,,,,,,,,,,,,,,0
789,,,,,,,,,,,,,,,,,,,,0
790,,,,,,,,,,,,,,,,,,,,0
791,,,,,,,,,,,,,,,,,,,,0
792,,,,,,,,,,,,,,,,,,,,0
793,,,,,,,,,,,,,,,,,,,,0
794,,,,,,,,,,,,,,,,,,,,0
795,,,,,,,,,,,,,,,,,,,,0
796,,,,,,,,,,,,,,,,,,,,0
797,,,,,,,,,,,,,,,,,,,,0
798,,,,,,,,,,,,,,,,,,,,0
799,,,,,,,,,,,,,,,,,,,,0
800,,,,,,,,,,,,,,,,,,,,0
801,,,,,,,,,,,,,,,,,,,,0
802,,,,,,,,,,,,,,,,,,,,0
803,,,,,,,,,,,,,,,,,,,,0
804,,,,,,,,,,,,,,,,,,,,0
805,,,,,,,,,,,,,,,,,,,,0
806,,,,,,,,,,,,,,,,,,,,0
807,,,,,,,,,,,,,,,,,,,,0
808,,,,,,,,,,,,,,,,,,,,0
809,,,,,,,,,,,,,,,,,,,,0
810,,,,,,,,,,,,,,,,,,,,0
811,,,,,,,,,,,,,,,,,,,,0
812,,,,,,,,,,,,,,,,,,,,0
813,,,,,,,,,,,,,,,,,,,,0
814,,,,,,,,,,,,,,,,,,,,0
815,,,,,,,,,,,,,,,,,,,,0
816,,,,,,,,,,,,,,,,,,,,0
817,,,,,,,,,,,,,,,,,,,,0
818,,,,,,,,,,,,,,,,,,,,0
819,,,,,,,,,,,,,,,,,,,,0
820,,,,,,,,,,,,,,,,,,,,0
821,,,,,,,,,,,,,,,,,,,,0
822,,,,,,,,,,,,,,,,,,,,0
823,,,,,,,,,,,,,,,,,,,,0
824,,,,,,,,,,,,,,,,,,,,0
825,,,,,,,,,,,,,,,,,,,,0
826,,,,,,,,,,,,,,,,,,,,0
827,,,,,,,,,,,,,,,,,,,,0
828,,,,,,,,,,,,,,,,,,,,0
829,,,,,,,,,,,,,,,,,,,,0
830,,,,,,,,,,,,,,,,,,,,0
831,,,,,,,,,,,,,,,,,,,,0
832,,,,,,,,,,,,,,,,,,,,0
833,,,,,,,,,,,,,,,,,,,,0
834,,,,,,,,,,,,,,,,,,,,0
835,,,,,,,,,,,,,,,,,,,,0
836,,,,,,,,,,,,,,,,,,,,0
837,,,,,,,,,,,,,,,,,,,,0
838,,,,,,,,,,,,,,,,,,,,0
839,,,,,,,,,,,,,,,,,,,,0
840,,,,,,,,,,,,,,,,,,,,0
841,,,,,,,,,,,,,,,,,,,,0
842,,,,,,,,,,,,,,,,,,,,0
843,,,,,,,,,,,,,,,,,,,,0
844,,,,,,,,,,,,,,,,,,,,0
845,,,,,,,,,,,,,,,,,,,,0
846,,,,,,,,,,,,,,,,,,,,0
847,,,,,,,,,,,,,,,,,,,,0
848,,,,,,,,,,,,,,,,,,,,0
849,,,,,,,,,,,,,,,,,,,,0
850,,,,,,,,,,,,,,,,,,,,0
851,,,,,,,,,,,,,,,,,,,,0
852,,,,,,,,,,,,,,,,,,,,0
853,,,,,,,,,,,,,,,,,,,,0
854,,,,,,,,,,,,,,,,,,,,0
855,,,,,,,,,,,,,,,,,,,,0
856,,,,,,,,,,,,,,,,,,,,0
857,,,,,,,,,,,,,,,,,,,,0
858,,,,,,,,,,,,,,,,,,,,0
859,,,,,,,,,,,,,,,,,,,,0
860,,,,,,,,,,,,,,,,,,,,0
861,,,,,,,,,,,,,,,,,,,,0
862,,,,,,,,,,,,,,,,,,,,0
863,,,,,,,,,,,,,,,,,,,,0
864,,,,,,,,,,,,,,,,,,,,0
865,,,,,,,,,,,,,,,,,,,,0
866,,,,,,,,,,,,,,,,,,,,0
867,,,,,,,,,,,,,,,,,,,,0
868,,,,,,,,,,,,,,,,,,,,0
869,,,,,,,,,,,,,,,,,,,,0
870,,,,,,,,,,,,,,,,,,,,0
871,,,,,,,,,,,,,,,,,,,,0
872,,,,,,,,,,,,,,,,,,,,0
873,,,,,,,,,,,,,,,,,,,,0
874,,,,,,,,,,,,,,,,,,,,0
875,,,,,,,,,,,,,,,,,,,,0
876,,,,,,,,,,,,,,,,,,,,0
877,,,,,,,,,,,,,,,,,,,,0
878,,,,,,,,,,,,,,,,,,,,0
879,,,,,,,,,,,,,,,,,,,,0
880,,,,,,,,,,,,,,,,,,,,0
881,,,,,,,,,,,,,,,,,,,,0
882,,,,,,,,,,,,,,,,,,,,0
883,,,,,,,,,,,,,,,,,,,,0
884,,,,,,,,,,,,,,,,,,,,0
885,,,,,,,,,,,,,,,,,,,,0
886,,,,,,,,,,,,,,,,,,,,0
887,,,,,,,,,,,,,,,,,,,,0
888,,,,,,,,,,,,,,,,,,,,0
889,,,,,,,,,,,,,,,,,,,,0
890,,,,,,,,,,,,,,,,,,,,0
891,,,,,,,,,,,,,,,,,,,,0
892,,,,,,,,,,,,,,,,,,,,0
893,,,,,,,,,,,,,,,,,,,,0
894,,,,,,,,,,,,,,,,,,,,0
895,,,,,,,,,,,,,,,,,,,,0
896,,,,,,,,,,,,,,,,,,,,0
897,,,,,,,,,,,,,,,,,,,,0
898,,,,,,,,,,,,,,,,,,,,0
899,,,,,,,,,,,,,,,,,,,,0
900,,,,,,,,,,,,,,,,,,,,0
901,,,,,,,,,,,,,,,,,,,,0
902,,,,,,,,,,,,,,,,,,,,0
903,,,,,,,,,,,,,,,,,,,,0
904,,,,,,,,,,,,,,,,,,,,0
905,,,,,,,,,,,,,,,,,,,,0
906,,,,,,,,,,,,,,,,,,,,0
907,,,,,,,,,,,,,,,,,,,,0
908,,,,,,,,,,,,,,,,,,,,0
909,,,,,,,,,,,,,,,,,,,,0
910,,,,,,,,,,,,,,,,,,,,0
911,,,,,,,,,,,,,,,,,,,,0
912,,,,,,,,,,,,,,,,,,,,0
913,,,,,,,,,,,,,,,,,,,,0
914,,,,,,,,,,,,,,,,,,,,0
915,,,,,,,,,,,,,,,,,,,,0
916,,,,,,,,,,,,,,,,,,,,0
917,,,,,,,,,,,,,,,,,,,,0
918,,,,,,,,,,,,,,,,,,,,0
919,,,,,,,,,,,,,,,,,,,,0
920,,,,,,,,,,,,,,,,,,,,0
921,,,,,,,,,,,,,,,,,,,,0
922,,,,,,,,,,,,,,,,,,,,0
923,,,,,,,,,,,,,,,,,,,,0
924,,,,,,,,,,,,,,,,,,,,0
925,,,,,,,,,,,,,,,,,,,,0
926,,,,,,,,,,,,,,,,,,,,0
927,,,,,,,,,,,,,,,,,,,,0
928,,,,,,,,,,,,,,,,,,,,0
929,,,,,,,,,,,,,,,,,,,,0
930,,,,,,,,,,,,,,,,,,,,0
931,,,,,,,,,,,,,,,,,,,,0
932,,,,,,,,,,,,,,,,,,,,0
933,,,,,,,,,,,,,,,,,,,,0
934,,,,,,,,,,,,,,,,,,,,0
935,,,,,,,,,,,,,,,,,,,,0
936,,,,,,,,,,,,,,,,,,,,0
937,,,,,,,,,,,,,,,,,,,,0
938,,,,,,,,,,,,,,,,,,,,0
939,,,,,,,,,,,,,,,,,,,,0
940,,,,,,,,,,,,,,,,,,,,0
941,,,,,,,,,,,,,,,,,,,,0
942,,,,,,,,,,,,,,,,,,,,0
943,,,,,,,,,,,,,,,,,,,,0
944,,,,,,,,,,,,,,,,,,,,0
945,,,,,,,,,,,,,,,,,,,,0
946,,,,,,,,,,,,,,,,,,,,0
947,,,,,,,,,,,,,,,,,,,,0
948,,,,,,,,,,,,,,,,,,,,0
949,,,,,,,,,,,,,,,,,,,,0
950,,,,,,,,,,,,,,,,,,,,0
951,,,,,,,,,,,,,,,,,,,,0
952,,,,,,,,,,,,,,,,,,,,0
953,,,,,,,,,,,,,,,,,,,,0
954,,,,,,,,,,,,,,,,,,,,0
955,,,,,,,,,,,,,,,,,,,,0
956,,,,,,,,,,,,,,,,,,,,0
957,,,,,,,,,,,,,,,,,,,,0
958,,,,,,,,,,,,,,,,,,,,0
959,,,,,,,,,,,,,,,,,,,,0
960,,,,,,,,,,,,,,,,,,,,0
961,,,,,,,,,,,,,,,,,,,,0
962,,,,,,,,,,,,,,,,,,,,0
963,,,,,,,,,,,,,,,,,,,,0
964,,,,,,,,,,,,,,,,,,,,0
965,,,,,,,,,,,,,,,,,,,,0
966,,,,,,,,,,,,,,,,,,,,0
967,,,,,,,,,,,,,,,,,,,,0
968,,,,,,,,,,,,,,,,,,,,0
969,,,,,,,,,,,,,,,,,,,,0
970,,,,,,,,,,,,,,,,,,,,0
971,,,,,,,,,,,,,,,,,,,,0
972,,,,,,,,,,,,,,,,,,,,0
973,,,,,,,,,,,,,,,,,,,,0
974,,,,,,,,,,,,,,,,,,,,0
975,,,,,,,,,,,,,,,,,,,,0
976,,,,,,,,,,,,,,,,,,,,0
977,,,,,,,,,,,,,,,,,,,,0
978,,,,,,,,,,,,,,,,,,,,0
979,,,,,,,,,,,,,,,,,,,,0
980,,,,,,,,,,,,,,,,,,,,0
981,,,,,,,,,,,,,,,,,,,,0
982,,,,,,,,,,,,,,,,,,,,0
983,,,,,,,,,,,,,,,,,,,,0
984,,,,,,,,,,,,,,,,,,,,0
985,,,,,,,,,,,,,,,,,,,,0
986,,,,,,,,,,,,,,,,,,,,0
987,,,,,,,,,,,,,,,,,,,,0
988,,,,,,,,,,,,,,,,,,,,0
989,,,,,,,,,,,,,,,,,,,,0
990,,,,,,,,,,,,,,,,,,,,0
991,,,,,,,,,,,,,,,,,,,,0
992,,,,,,,,,,,,,,,,,,,,0
993,,,,,,,,,,,,,,,,,,,,0
994,,,,,,,,,,,,,,,,,,,,0
995,,,,,,,,,,,,,,,,,,,,0
996,,,,,,,,,,,,,,,,,,,,0
997,,,,,,,,,,,,,,,,,,,,0
998,,,,,,,,,,,,,,,,,,,,0
999,,,,,,,,,,,,,,,,,,,,0
